-- phpMyAdmin SQL Dump
-- version 4.9.5
-- https://www.phpmyadmin.net/
--
-- Host: localhost:3306
-- Generation Time: Aug 26, 2020 at 01:54 PM
-- Server version: 10.3.16-MariaDB
-- PHP Version: 7.3.12

SET SQL_MODE = "NO_AUTO_VALUE_ON_ZERO";
SET AUTOCOMMIT = 0;
START TRANSACTION;
SET time_zone = "+00:00";


/*!40101 SET @OLD_CHARACTER_SET_CLIENT=@@CHARACTER_SET_CLIENT */;
/*!40101 SET @OLD_CHARACTER_SET_RESULTS=@@CHARACTER_SET_RESULTS */;
/*!40101 SET @OLD_COLLATION_CONNECTION=@@COLLATION_CONNECTION */;
/*!40101 SET NAMES utf8mb4 */;

--
-- Database: `id13856648_smsapp`
--

-- --------------------------------------------------------

--
-- Table structure for table `campaign_enrollment`
--

CREATE TABLE `campaign_enrollment` (
  `id` bigint(20) NOT NULL,
  `mcl_id` bigint(20) NOT NULL,
  `c_list_id` bigint(20) NOT NULL
) ENGINE=InnoDB DEFAULT CHARSET=utf8;

--
-- Dumping data for table `campaign_enrollment`
--

INSERT INTO `campaign_enrollment` (`id`, `mcl_id`, `c_list_id`) VALUES
(2639, 3911, 12),
(2640, 3912, 12),
(2641, 3913, 12),
(2642, 3914, 12),
(2643, 3915, 12),
(2644, 3916, 12),
(2645, 3917, 12),
(2646, 3918, 12),
(2647, 3919, 12),
(2648, 3920, 12),
(2649, 3921, 12),
(2650, 3922, 12),
(2651, 3923, 12),
(2652, 3924, 12),
(2653, 3925, 12),
(2654, 3926, 12),
(2655, 3927, 12),
(2656, 3928, 12),
(2657, 3929, 12),
(2658, 3930, 12),
(2659, 3931, 12),
(2660, 3932, 12),
(2661, 3933, 12),
(2662, 3934, 12),
(2663, 3935, 12),
(2664, 3936, 12),
(2665, 3937, 12),
(2666, 3938, 12),
(2667, 3939, 12),
(2668, 3940, 12),
(2669, 3941, 12),
(2670, 3942, 12),
(2671, 3943, 12),
(2672, 3944, 12),
(2673, 3945, 12),
(2674, 3946, 12),
(2675, 3947, 12),
(2676, 3948, 12),
(2677, 3949, 12),
(2678, 3950, 12),
(2679, 3951, 12),
(2680, 3952, 12),
(2681, 3953, 12),
(2682, 3954, 12),
(2683, 3955, 12),
(2684, 3956, 12),
(2685, 3957, 12),
(2778, 3060, 14),
(2779, 3111, 14),
(2780, 3331, 14),
(2781, 3426, 14),
(2782, 3911, 14),
(2783, 3946, 14),
(2784, 3985, 14),
(2785, 3994, 14),
(2786, 4003, 14),
(2787, 4004, 14),
(2788, 4005, 14),
(2789, 4006, 14),
(2790, 4007, 14),
(2791, 4008, 14),
(2792, 4009, 14),
(2793, 4010, 14),
(2794, 4011, 14),
(2795, 4012, 14),
(2796, 4013, 14),
(2797, 4014, 14),
(2798, 4015, 14),
(2799, 4016, 14),
(2800, 4017, 14),
(2801, 4018, 14),
(2802, 4019, 14),
(2803, 4020, 14),
(2804, 4021, 14),
(2805, 4022, 14),
(2806, 4023, 14),
(2807, 4024, 14),
(2808, 4025, 14),
(2809, 4026, 14),
(2810, 4027, 14),
(2811, 4028, 14),
(2812, 4029, 14),
(2813, 4030, 14),
(2814, 4031, 14),
(2815, 4032, 14),
(2816, 4033, 14),
(2817, 4034, 14),
(2818, 4035, 14),
(2819, 4036, 14),
(2820, 4037, 14),
(2821, 4038, 14),
(2822, 4039, 14),
(2823, 4040, 14),
(2824, 4041, 14),
(2825, 4042, 14),
(2826, 4043, 14),
(2827, 4044, 14),
(2828, 4045, 14),
(2829, 4046, 14),
(2830, 4047, 14),
(2831, 4048, 14),
(2832, 4049, 14),
(2833, 4050, 14),
(2834, 4051, 14),
(2835, 4052, 14),
(2836, 4053, 14),
(2837, 4054, 14),
(2838, 4055, 14),
(2839, 4056, 14),
(2840, 4057, 14),
(2841, 4058, 14),
(2842, 4059, 14),
(2843, 4060, 14),
(2844, 4061, 14),
(2845, 4062, 14),
(2846, 4063, 14),
(2847, 4064, 14),
(2848, 4065, 14),
(2849, 4066, 14),
(2850, 4067, 14),
(2851, 4068, 14),
(2852, 4069, 14),
(2853, 4070, 14),
(2854, 4071, 14),
(2855, 4072, 14),
(2856, 4073, 14),
(2857, 4074, 14),
(2858, 4075, 14),
(2859, 4076, 14),
(2860, 4077, 14),
(2861, 4078, 14),
(2862, 4079, 14),
(2863, 4080, 14),
(2864, 4081, 14),
(2865, 4082, 14),
(2866, 4083, 14),
(2867, 4084, 14),
(2868, 4085, 14),
(2869, 4086, 14),
(2870, 4087, 14),
(2871, 4088, 14),
(2872, 4089, 14),
(2873, 4090, 14),
(2874, 4091, 14),
(2875, 4092, 14),
(2876, 4093, 14),
(2877, 4094, 14),
(2878, 4095, 14),
(2879, 4096, 14),
(2880, 4097, 14),
(2881, 4098, 14),
(2882, 4099, 14),
(2883, 4100, 14),
(2884, 4101, 14),
(2885, 4102, 14),
(2886, 4103, 14);

-- --------------------------------------------------------

--
-- Table structure for table `campaign_list`
--

CREATE TABLE `campaign_list` (
  `id` bigint(20) NOT NULL,
  `list_name` varchar(150) NOT NULL,
  `template_id` bigint(20) DEFAULT NULL
) ENGINE=InnoDB DEFAULT CHARSET=utf8;

--
-- Dumping data for table `campaign_list`
--

INSERT INTO `campaign_list` (`id`, `list_name`, `template_id`) VALUES
(12, 'Today', 12),
(14, 'welcome message', 13);

-- --------------------------------------------------------

--
-- Table structure for table `main_contact_list`
--

CREATE TABLE `main_contact_list` (
  `id` bigint(20) NOT NULL,
  `name` varchar(150) NOT NULL,
  `mobile` varchar(20) NOT NULL,
  `dob` date DEFAULT NULL
) ENGINE=InnoDB DEFAULT CHARSET=utf8;

--
-- Dumping data for table `main_contact_list`
--

INSERT INTO `main_contact_list` (`id`, `name`, `mobile`, `dob`) VALUES
(2992, 'RareVibesss', '+916264816850', NULL),
(2993, 'Anandhan', '+919502550860', NULL),
(2994, 'Praveen Bharti', '+916203423085', NULL),
(2995, 'Bhavna K ', '+919601627449', NULL),
(2996, 'Sonam Ry', '+918286955393', NULL),
(2997, 'Ind Ira', '+919894323865', NULL),
(2998, 'Seetha', '+919600326165', NULL),
(2999, 'Shubham Wadbudhe', '+919284385205', NULL),
(3000, 'Cutie Queen', '+919554693761', NULL),
(3001, 'Sonia Talreja', '+918817739425', NULL),
(3002, 'Kinu Shandil', '+918263068730', NULL),
(3003, 'Shrey', '+919923504511', NULL),
(3004, 'Mk', '+919637293743', NULL),
(3005, 'Shikha Banafar', '+918208555069', NULL),
(3006, 'Uday Raj', '+918603458443', NULL),
(3007, 'Roz', '+918248443198', NULL),
(3008, 'Priya Rai', '+919082087487', NULL),
(3009, 'Rupali Raskar', '+919503469327', NULL),
(3010, 'Anshu Dubey', '+918171626664', NULL),
(3011, 'Rizwana Zohra', '+917780945968', NULL),
(3012, 'Tarun Sahu', '+917805952369', NULL),
(3013, 'Ruchika Parate', '+918827614315', NULL),
(3014, 'Viratian', '+918143334482', NULL),
(3015, 'Vasi Rao', '+919528563419', NULL),
(3016, 'Varisha Khan', '+918299700139', NULL),
(3017, 'Rushi Buha', '+919978064469', NULL),
(3018, 'Harsha', '+919768078905', NULL),
(3019, 'Anitha', '+916374698794', NULL),
(3020, 'Shashi', '+919540643779', NULL),
(3021, 'Safa', '+918310432992', NULL),
(3022, 'Harleen Ilyas Siddiqui', '+917248625862', NULL),
(3023, 'Sudhir Chaudhary', '+919877533536', NULL),
(3024, 'Bhoju M', '+918951130716', NULL),
(3025, 'RAHULSHARMA', '+919462464670', NULL),
(3026, ' Sunil', '+917828640412', NULL),
(3027, 'Preethi', '+918247475039', NULL),
(3028, 'Abrar Bhat', '+917006139383', NULL),
(3029, 'Vinee Patil', '+917447818233', NULL),
(3030, 'Pac', '+918050442429', NULL),
(3031, 'Shahid Ali', '+919162857682', NULL),
(3032, 'Sneha Segamwar', '+919604363134', NULL),
(3033, 'Aiswarya', '+919746794569', NULL),
(3034, 'K Karna', '+919985733792', NULL),
(3035, 'Jithesh M Gowda', '+918861510069', NULL),
(3036, 'Devansh Chawla', '+917985977672', NULL),
(3037, 'Navya', '+917386690494', NULL),
(3038, 'Mohit Pandey', '+918588060770', NULL),
(3039, 'Suresh', '+917373641813', NULL),
(3040, 'Divyani Kumari', '+918699433358', NULL),
(3041, 'Desh Raj', '+917044790826', NULL),
(3042, 'Gokul Chaudhari', '+919545437405', NULL),
(3043, 'Praneta Chhetri', '+917430973298', NULL),
(3044, 'Dheevan', '+918940355396', NULL),
(3045, 'Subhendu Parida', '+919337317587', NULL),
(3046, 'Srikanth', '+919704155049', NULL),
(3047, 'Bindu Sagar', '+918618231352', NULL),
(3048, 'Devendrareddy', '+919618558370', NULL),
(3049, 'Kamran', '+917780924429', NULL),
(3050, 'Mayuri Kawade', '+917447616067', NULL),
(3051, 'Rupali', '+919050048476', NULL),
(3052, 'Farhan Pathan', '+917898502862', NULL),
(3053, 'Monika Panchal', '+918401883932', NULL),
(3054, 'Raji', '+918778048792', NULL),
(3055, 'Parvej Alam', '+919399145215', NULL),
(3056, 'Johan Lalramthara Joa', '+918974953710', NULL),
(3057, 'Hanif Alam Laskar', '+918402960928', NULL),
(3058, 'Sachin Chougule', '+919773539080', NULL),
(3059, 'Ankita Mishra', '+919334821152', NULL),
(3060, 'Muraliraja', '+919500694302', NULL),
(3061, 'Theju Goud', '+919390196441', NULL),
(3062, 'Dimpy Tiwari', '+917905626631', NULL),
(3063, 'Poorni', '+919916577544', NULL),
(3064, 'Nishanaaz', '+918802374019', NULL),
(3065, 'Kiran Mane', '+919967601171', NULL),
(3066, 'Dora Raksam', '+917628995270', NULL),
(3067, 'Abhi Sharma', '+919975731245', NULL),
(3068, 'Chetana Sonawane', '+917385195926', NULL),
(3069, 'Raghavendra Guruprasad Shetty', '+919972924824', NULL),
(3070, 'Poonam Gaur', '+917999117841', NULL),
(3071, 'Shilpa Dhepe', '+919096283943', NULL),
(3072, 'Saima Parveen', '+917889849106', NULL),
(3073, 'Pushpa Gupta', '+919873288454', NULL),
(3074, 'PRIYANKASINGH', '+919137865016', NULL),
(3075, 'Gunjan Arora', '+919034335609', NULL),
(3076, 'Sandhiya', '+919976771199', NULL),
(3077, 'Disha Mandlik', '+917045548911', NULL),
(3078, 'Sonal Mali', '+919766702916', NULL),
(3079, 'Sathish S', '+918970819882', NULL),
(3080, 'Ashish Yadav', '+917017023914', NULL),
(3081, 'Mir Sanna', '+918899911727', NULL),
(3082, 'Dil Ka Raja Ajay', '+916290677313', NULL),
(3083, 'Rupali Kamble', '+917517002979', NULL),
(3084, 'Shambala B', '+919764563918', NULL),
(3085, 'Shaikhsamina ', '+918320987872', NULL),
(3086, 'Dipti  Rajkumari', '+919954121625', NULL),
(3087, 'Likokyangba Longkumer', '+918119822808', NULL),
(3088, 'Irfanjafrinaba', '+916394235326', NULL),
(3089, 'Shambharkar Sangita', '+918177888762', NULL),
(3090, 'Vishnu Jamadar', '+919665742348', NULL),
(3091, 'Ganesh Bhadu', '+919001666303', NULL),
(3092, 'Priyanka', '+919209478793', NULL),
(3093, 'AkashRathod', '+918208920248', NULL),
(3094, 'Srisoundiravani', '+918098725294', NULL),
(3095, 'Saif Ali', '+917066488802', NULL),
(3096, 'Edgar Ashok', '+917502509077', NULL),
(3097, 'Shweta Gupta', '+918805142643', NULL),
(3098, 'Fiza Wani', '+916005686565', NULL),
(3099, 'Priyanka Rana', '+917807250302', NULL),
(3100, 'Himani Verma', '+919988385227', NULL),
(3101, 'Deepika', '+919828875857', NULL),
(3102, 'Kanika', '+919716315157', NULL),
(3103, 'Shubham Tanawade', '+917744961582', NULL),
(3104, 'Raj Kumar', '+919952177618', NULL),
(3105, 'Pranoti Khalate', '+919011870841', NULL),
(3106, 'Nivedha Gokul', '+919663060685', NULL),
(3107, 'Hemlata Sambare', '+919765227758', NULL),
(3108, 'Afsha Sunar', '+919535015236', NULL),
(3109, 'Vishal Khandekar', '+919922151238', NULL),
(3110, 'Muravah', '+919682525842', NULL),
(3111, 'Zulaiha Parveen', '+919626740772', NULL),
(3112, 'Asad Climax', '+918299703429', NULL),
(3113, 'Avesh', '+918698481686', NULL),
(3114, 'Anusha Korada', '+918895662988', NULL),
(3115, 'SajiCherpunkalPalaKtm', '+919446695983', NULL),
(3116, 'Jishan', '+919785590722', NULL),
(3117, 'Nageswara Reddy Yatham', '+919985020634', NULL),
(3118, 'Gagana Hk', '+919964042788', NULL),
(3119, 'Fathima Sanam', '+919656723632', NULL),
(3120, 'Sai Sravani', '+919381905540', NULL),
(3121, 'Kashini Ahuja', '+919711072779', NULL),
(3122, 'Chethana', '+919738309117', NULL),
(3123, 'Nandhu Nandy', '+918098169281', NULL),
(3124, 'Gowrisankar', '+919500567977', NULL),
(3125, 'Zain Bhat ', '+917780949291', NULL),
(3126, 'SwamychandraReddy', '+918332044415', NULL),
(3127, 'Veer Saa  ', '+918875216385', NULL),
(3128, 'Kokila', '+919566348895', NULL),
(3129, 'Manmeet Kaur', '+917055535195', NULL),
(3130, 'Shahid Iqbal Mir', '+919797215381', NULL),
(3131, 'Chef Bhuwan Gurung', '+919999240691', NULL),
(3132, 'Eurasia Pinochio G Sangma', '+919538945101', NULL),
(3133, 'Sandip Patil', '+919158543707', NULL),
(3134, 'Ala Veera Raghavulu', '+917036493601', NULL),
(3135, 'Avinash', '+918019344547', NULL),
(3136, 'Neha Ahmad', '+919756791478', NULL),
(3137, 'Saranya Sagayasanth', '+918682970726', NULL),
(3138, 'Masroor', '+918285636488', NULL),
(3139, 'Anu', '+916380968481', NULL),
(3140, 'Basit Warsi', '+919658141117', NULL),
(3141, 'Nilam', '+918338987600', NULL),
(3142, 'Rashmi', '+919986725879', NULL),
(3143, 'Dhananjaya Kumar', '+918280041051', NULL),
(3144, 'Aashu', '+917015894831', NULL),
(3145, 'Er Dharmishtha Nisarta', '+918141900241', NULL),
(3146, 'Mudavath Kumar', '+919573616736', NULL),
(3147, 'Madhu Atmakur', '+919603111024', NULL),
(3148, 'Sandy', '+919515079126', NULL),
(3149, 'Sairaj Gavali', '+918147910481', NULL),
(3150, 'Shivani Patil', '+919902090918', NULL),
(3151, 'Farooq Ahmad Bhat', '+919797057093', NULL),
(3152, 'Ekta Mittal', '+918560949962', NULL),
(3153, 'Salman Makandar', '+918483008863', NULL),
(3154, 'Shrinath Pawar', '+919637616334', NULL),
(3155, 'Karthikeyan', '+918124505015', NULL),
(3156, 'Shonaaa', '+919806363105', NULL),
(3157, 'Naveen Kumar', '+917899822679', NULL),
(3158, 'Aj Style', '+918762096420', NULL),
(3159, 'Ravith Reddy Chanala', '+919642969369', NULL),
(3160, 'Mir Mahpara', '+917006572374', NULL),
(3161, 'Sukhman Deep Kaur', '+919815395679', NULL),
(3162, 'Dhudum Shantanu', '+919175792657', NULL),
(3163, 'Kambar Abbas Khan', '+919918313733', NULL),
(3164, 'Rakesh Jadhav', '+919604216783', NULL),
(3165, 'Sowmiya', '+917358289513', NULL),
(3166, 'Ruqaya', '+919596164804', NULL),
(3167, 'DSEver', '+918269598716', NULL),
(3168, 'Za Ka Ni Chishi', '+917085688059', NULL),
(3169, 'G Patra', '+917978840228', NULL),
(3170, 'Sj', '+919673832670', NULL),
(3171, 'Meet Pujari', '+919766208994', NULL),
(3172, 'Nitin Saini', '+919887631373', NULL),
(3173, 'Amina', '+917006603071', NULL),
(3174, 'Komal Sonkusale', '+917083772309', NULL),
(3175, 'Rehash', '+919553012781', NULL),
(3176, 'Chhatrapal Ahirwar', '+919009085499', NULL),
(3177, 'Nisha Singh', '+916206116252', NULL),
(3178, 'Shweta Bhola', '+917607159333', NULL),
(3179, 'I Am Gracefull', '+917005632787', NULL),
(3180, 'Anitha Ramachandran', '+919629409865', NULL),
(3181, 'Neha Farnandas', '+918586950962', NULL),
(3182, 'Anwar Ali', '+918478033127', NULL),
(3183, 'Sreekanth Reddy', '+919703275552', NULL),
(3184, 'Bharti Rajput', '+919990582126', NULL),
(3185, 'Kamaal Ahmad Khan', '+919910546885', NULL),
(3186, 'Deepthisha', '+917540062853', NULL),
(3187, 'Soni Kumari', '+919693887711', NULL),
(3188, 'Pranali Atram', '+917744039884', NULL),
(3189, 'Yoga Dharani', '+919087388403', NULL),
(3190, 'Stanzin Yangdol', '+919469689592', NULL),
(3191, 'Raman', '+916239078730', NULL),
(3192, 'Minajinamdar', '+917875865419', NULL),
(3193, 'Pooja Pawar', '+917741053077', NULL),
(3194, 'Suchita Dhandar', '+917030746418', NULL),
(3195, ' Bhanupriya  ', '+919018645042', NULL),
(3196, 'Farida Batool', '+916005324303', NULL),
(3197, 'Chhavi Verma', '+919044196688', NULL),
(3198, 'Jahnvi', '+916200607612', NULL),
(3199, 'Debasmita Das', '+917903632090', NULL),
(3200, 'Ashoka', '+917350738545', NULL),
(3201, 'Sneha Kumari', '+917870559728', NULL),
(3202, 'Vijay Vk', '+919482296224', NULL),
(3203, 'Gavit  Sayra', '+919427282787', NULL),
(3204, 'Preetilagade  Preetu ', '+918888109350', NULL),
(3205, 'JAYDAGLI', '+919725813844', NULL),
(3206, 'Praveen Bhardwaj', '+919301418062', NULL),
(3207, 'Devi Kd', '+919159439337', NULL),
(3208, 'Rahul Sehgal', '+919729057676', NULL),
(3209, 'Karan Shendge', '+919284423659', NULL),
(3210, 'Mohdrashid', '+918909033984', NULL),
(3211, 'Rashmitha Gowda', '+917899444659', NULL),
(3212, 'Snehal', '+917020186698', NULL),
(3213, 'Priya Devkate', '+917499486788', NULL),
(3214, 'Parul', '+917526851901', NULL),
(3215, 'Shikha Chaudhary', '+919027034057', NULL),
(3216, 'Vanaja', '+918978432860', NULL),
(3217, 'Saba Amreen', '+918142378650', NULL),
(3218, 'Ganesh Gautam', '+918888139331', NULL),
(3219, 'Joy Infant', '+918610868673', NULL),
(3220, 'Mohit', '+918780701019', NULL),
(3221, 'Sonali Sheth', '+919591454814', NULL),
(3222, 'Akshata Sajjan', '+919902208054', NULL),
(3223, 'Mirza Ghouse Baig', '+917330072230', NULL),
(3224, 'Alex Kujur', '+916297742552', NULL),
(3225, 'Nagam Venkata Krishna', '+919603002686', NULL),
(3226, 'NMTRL', '+919742880719', NULL),
(3227, 'Arun Karthick E', '+919500727546', NULL),
(3228, 'Manisha Yadav', '+919643528554', NULL),
(3229, 'Ct Vaiphei', '+919127370917', NULL),
(3230, 'Tejshree', '+919168105437', NULL),
(3231, 'Khushi S Patil', '+917760739450', NULL),
(3232, 'Arif Bhat', '+919797158551', NULL),
(3233, 'Tahseen Zehra', '+919454780786', NULL),
(3234, 'ParthPatel', '+918401936010', NULL),
(3235, 'Nisharai', '+918257906741', NULL),
(3236, 'Arun Kumar Bp', '+918050792113', NULL),
(3237, 'Tejas Tarte', '+918237242507', NULL),
(3238, 'Rajesh', '+919095221890', NULL),
(3239, 'Rohan Narayanpethe', '+919890260932', NULL),
(3240, 'Mahammad Shafi', '+919703939088', NULL),
(3241, 'Anusha Nikhileysh Avva', '+919840150604', NULL),
(3242, 'IDonTKnowMySelf', '+918187884003', NULL),
(3243, 'John Davidson', '+919894562329', NULL),
(3244, 'Vasanth R--y-a-l', '+918095484179', NULL),
(3245, 'Manisha Saini', '+916375398078', NULL),
(3246, 'Queen', '+917000556752', NULL),
(3247, 'Arifa', '+917558856068', NULL),
(3248, 'Anil Kumar Byri', '+918790101468', NULL),
(3249, 'Srikanth Patil', '+919972602334', NULL),
(3250, 'Sherianne Esther George', '+919567500419', NULL),
(3251, 'Rajat Goyal', '+919565141279', NULL),
(3252, 'Pournima Bhagat ', '+917447293913', NULL),
(3253, 'Shaik Irfan Basha', '+919985652289', NULL),
(3254, 'Manjushree Ranganath', '+919739968061', NULL),
(3255, 'Anjali Srivastav', '+918700674514', NULL),
(3256, 'Deepali Khaserao', '+918624003389', NULL),
(3257, 'Vaibhav Bhagat', '+919545087061', NULL),
(3258, 'Devika Kumari', '+918262016445', NULL),
(3259, 'Soniyakharvi', '+919591006578', NULL),
(3260, 'Radha Arya', '+917055160534', NULL),
(3261, 'Sadhana Choudhary', '+917895898250', NULL),
(3262, 'Priyanka', '+917873584370', NULL),
(3263, ' Mit Bhandare', '+919096929683', NULL),
(3264, 'Deepha Pun Manger', '+918016143497', NULL),
(3265, ' Ivanandham', '+919551521223', NULL),
(3266, 'HJILMH', '+918016212121', NULL),
(3267, 'Mills', '+917284046081', NULL),
(3268, 'Leka Sri', '+919344492515', NULL),
(3269, 'Neha Khere', '+918805357754', NULL),
(3270, 'Loganayaki Palanisamy', '+919751318962', NULL),
(3271, 'Vishal Patil', '+918411855598', NULL),
(3272, 'Kantha Raju', '+919035708307', NULL),
(3273, 'Meher Unissa', '+919704870493', NULL),
(3274, 'Jayashree T', '+919606366414', NULL),
(3275, 'Keerthi Chowdary', '+917032988780', NULL),
(3276, 'Sunakshi Sharma', '+919876121854', NULL),
(3277, 'Barkha Dutt', '+917006530648', NULL),
(3278, 'Marufamalik', '+916005162212', NULL),
(3279, 'Ritu Harishchandra Dharmik', '+918329932184', NULL),
(3280, 'Kavyalingaraj', '+918197803986', NULL),
(3281, 'Ravi Teja Majji', '+919676463607', NULL),
(3282, 'Sadhana', '+919384265116', NULL),
(3283, 'Rahul Singh Tomar', '+918411084182', NULL),
(3284, 'Pratibha', '+918310491006', NULL),
(3285, 'M  ', '+917358204498', NULL),
(3286, 'Arti Goyal', '+919516918027', NULL),
(3287, 'Lidia', '+917006350416', NULL),
(3288, 'Madevi Navalgund', '+919632046233', NULL),
(3289, 'Kajal Bhallavi', '+917066464276', NULL),
(3290, 'Ganesh Chamoli', '+918219462469', NULL),
(3291, 'Nirmala Rani', '+919345710967', NULL),
(3292, 'Sana Naghma', '+918886038582', NULL),
(3293, 'PaNKaJKhaTri', '+919988350052', NULL),
(3294, 'Dhivyabharathi P', '+919047599872', NULL),
(3295, 'Agnihotrisweta ', '+917525813555', NULL),
(3296, 'Anshu Gupta', '+919982966704', NULL),
(3297, 'Vikash Kumar', '+919304114246', NULL),
(3298, 'Zoha Kn', '+919130228257', NULL),
(3299, 'Sakshi Dandriyal', '+919639390767', NULL),
(3300, 'Vaishnavi Chaudhari', '+919421920543', NULL),
(3301, 'Er  Mina Ghodsare', '+918530562757', NULL),
(3302, 'Anayat Mander', '+919815612646', NULL),
(3303, 'Ravina Dungarkhiya', '+916353983931', NULL),
(3304, 'Priyanka Salve', '+918390833048', NULL),
(3305, 'Swati Lone', '+918390126154', NULL),
(3306, 'Ilangumaran Ila', '+919123534863', NULL),
(3307, 'Shwetha Vernekar', '+919148272819', NULL),
(3308, 'Namrata Mahadev Jadhav', '+919665111088', NULL),
(3309, 'KM', '+919160310084', NULL),
(3310, 'Nysha Advani', '+919799900311', NULL),
(3311, 'Savan', '+918200058533', NULL),
(3312, 'SHIKHA', '+918368473941', NULL),
(3313, 'Aishu', '+919597996436', NULL),
(3314, 'Lavanya K', '+916302609244', NULL),
(3315, 'V-R-D-P-', '+919908893949', NULL),
(3316, 'Mohd Saif', '+918922005524', NULL),
(3317, 'Rajesh  Puljala', '+917013537084', NULL),
(3318, 'Aakash Kumar Balmiki', '+918016592269', NULL),
(3319, 'Hashm Ac-m', '+917204121694', NULL),
(3320, 'Vinay Naik', '+917021888503', NULL),
(3321, 'Anuja Khadap', '+918600873436', NULL),
(3322, 'Walter S  Gopalan', '+919673200360', NULL),
(3323, 'Rashmi Sonawane', '+919960493683', NULL),
(3324, 'M  Samaun', '+917431994331', NULL),
(3325, 'Nivetha', '+918870005928', NULL),
(3326, 'Kavya Bharadwaj', '+918385060959', NULL),
(3327, 'K Nagaraj Nagu', '+918096755811', NULL),
(3328, 'Latha Shree', '+919449149668', NULL),
(3329, 'Rajkumar', '+918096093435', NULL),
(3330, 'Khushbu Qureshi', '+918770641432', NULL),
(3331, 'Narsingh Kumar', '+917205402925', NULL),
(3332, 'Gayathridevi N C', '+919620537549', NULL),
(3333, 'Anchal', '+918095606036', NULL),
(3334, 'Shitaldhomase', '+917219745451', NULL),
(3335, 'Mogal Ruksar Baig', '+918374860294', NULL),
(3336, 'Jyotishmita Gogoi', '+917035833292', NULL),
(3337, 'Manjunath Allurkar', '+918088933774', NULL),
(3338, 'Priyanka Sohan Prasad', '+918805506858', NULL),
(3339, 'Pawan Kumar', '+916200789838', NULL),
(3340, 'Shakti Anabi', '+917676947771', NULL),
(3341, 'Riya Riya', '+917889754981', NULL),
(3342, 'Roopa Nayanika', '+919360711728', NULL),
(3343, 'DNcGR', '+916009780957', NULL),
(3344, 'Love Kush Baliya', '+917017111841', NULL),
(3345, 'Devendra Regana', '+917036164886', NULL),
(3346, 'Ashwini-guggilla', '+917285928685', NULL),
(3347, 'Tahira Dar', '+916005491441', NULL),
(3348, 'Balaji', '+918667454665', NULL),
(3349, 'Anand Pathak', '+919926260260', NULL),
(3350, 'Imran Husain', '+919084877334', NULL),
(3351, 'VINAYGOUDA', '+917353259218', NULL),
(3352, 'Prashant Mishra', '+919026229274', NULL),
(3353, 'Deena Soumya', '+918123315903', NULL),
(3354, 'Singh Nisha', '+919027332101', NULL),
(3355, 'Boss ', '+917702842476', NULL),
(3356, 'Sudha Kshatriya', '+918904728809', NULL),
(3357, 'Bobinyarana', '+919906242165', NULL),
(3358, 'Harsha', '+918867841211', NULL),
(3359, 'Priya Bharmouri', '+917591073824', NULL),
(3360, 'Er Poornima Singh', '+918948233454', NULL),
(3361, 'Harish', '+918428593923', NULL),
(3362, 'Shweta Badami', '+918050296490', NULL),
(3363, 'Ayaan Affu', '+919550453248', NULL),
(3364, 'Ubed Gavandi', '+917058897063', NULL),
(3365, 'Sachin Khonde', '+919359874322', NULL),
(3366, 'Ayaan', '+919541789529', NULL),
(3367, 'Mj Pawan', '+919682347314', NULL),
(3368, 'Anuj Singh', '+918209116007', NULL),
(3369, 'Ragvi Ravi', '+919787286222', NULL),
(3370, 'Aditi Kandalkar', '+919730936743', NULL),
(3371, 'Srinu Siddhartha Roy', '+917799632385', NULL),
(3372, 'Laxmi Rai', '+919382208082', NULL),
(3373, 'Suma S Shetty', '+919008226720', NULL),
(3374, 'Sindhu', '+918073340398', NULL),
(3375, 'Yasin Shaikh', '+917666827206', NULL),
(3376, 'Pandiyan P', '+918760196474', NULL),
(3377, 'SRe', '+918801618010', NULL),
(3378, 'Neha', '+917897730980', NULL),
(3379, 'Bhupindra Majhi', '+916370446227', NULL),
(3380, 'Bonny Clarcq-g Haolai', '+917085644879', NULL),
(3381, 'Zeel', '+917874658169', NULL),
(3382, 'Sonam Suyog Nakhate', '+919762880713', NULL),
(3383, 'MT', '+919997215060', NULL),
(3384, 'Sushma', '+917875603846', NULL),
(3385, 'Hera Shahidi', '+918808494444', NULL),
(3386, 'Mansi', '+917895383346', NULL),
(3387, 'Inu', '+918825011911', NULL),
(3388, 'Sunil Smarty', '+919704822601', NULL),
(3389, 'Nandhini Balaji', '+918681890325', NULL),
(3390, 'Sana Zahidi', '+918420792425', NULL),
(3391, 'Mhdhisham Kt', '+919539622045', NULL),
(3392, 'Nikita Hargude', '+918329970432', NULL),
(3393, 'Navdeep Mourya', '+918819095770', NULL),
(3394, 'S Prem Kumar', '+917660902153', NULL),
(3395, 'Alankar Patil', '+918970110429', NULL),
(3396, 'Preetha S', '+917899164942', NULL),
(3397, 'Ashu Kumar', '+919882194756', NULL),
(3398, 'Tulika Kumari', '+917991199469', NULL),
(3399, 'Sonu', '+917898378114', NULL),
(3400, 'Chandni Thakur', '+917448115776', NULL),
(3401, 'Aditya Sthapak', '+919712847818', NULL),
(3402, 'Mohsin Kurne', '+917057184005', NULL),
(3403, 'Suraj Singhal', '+918358993596', NULL),
(3404, 'Neha Kanere', '+918329961400', NULL),
(3405, 'Prajwal Kumar', '+919845400212', NULL),
(3406, 'Poornima Pujari', '+917406709336', NULL),
(3407, 'Reka', '+919383307524', NULL),
(3408, 'Deepa Patted', '+918971852091', NULL),
(3409, 'Javed Khan', '+917409860681', NULL),
(3410, 'Aruba Khan', '+918082518196', NULL),
(3411, 'Jaya Savadi', '+919611450726', NULL),
(3412, 'Priyankaa Agarwal', '+917086245657', NULL),
(3413, 'Meghana Utekar', '+917066571308', NULL),
(3414, 'Jasmine', '+918052148129', NULL),
(3415, 'BCLKBhuyan', '+918917451125', NULL),
(3416, 'Papai Das', '+917074492670', NULL),
(3417, 'Jaya Sharma', '+919753691763', NULL),
(3418, 'Angel Priya', '+917007299585', NULL),
(3419, 'JohnVasanthaKumarT', '+917540058192', NULL),
(3420, 'Janki', '+918320892011', NULL),
(3421, 'Akash Hinge', '+917038864828', NULL),
(3422, 'Anjum', '+919620455963', NULL),
(3423, 'Shaik Rameez Basha', '+917416507191', NULL),
(3424, 'Shazia Ashraf', '+919149806187', NULL),
(3425, 'MummadiRamaSunilMohanReddy', '+918333824418', NULL),
(3426, 'Mir Sahab', '+919797962218', NULL),
(3427, 'Aasiya Inamdar', '+919742431580', NULL),
(3428, 'Echanbi', '+919863396063', NULL),
(3429, 'Somya Sharma', '+917974186218', NULL),
(3430, 'Umed Ali', '+918958766157', NULL),
(3431, 'Sandhya Reddy  D', '+917997077682', NULL),
(3432, 'Sachin H M', '+919740799304', NULL),
(3433, 'Sulekha Sharma', '+917889604078', NULL),
(3434, 'Mayur', '+917249695905', NULL),
(3435, 'Cuty Girl', '+919039661185', NULL),
(3436, 'Anand Meena', '+919079894263', NULL),
(3437, 'Sonu Yadav', '+917477049581', NULL),
(3438, 'Valibhasha Kureshi', '+919538324869', NULL),
(3439, 'Afrin', '+916379000394', NULL),
(3440, 'Alluri Niharika', '+919866039746', NULL),
(3441, 'Vishal', '+918939308361', NULL),
(3442, 'Akash Miskin', '+918788081320', NULL),
(3443, 'Shaheer Pc', '+918129361131', NULL),
(3444, 'Naviya Kumari', '+919799348175', NULL),
(3445, 'Syed Hibat', '+917780924010', NULL),
(3446, 'Puju', '+919130018809', NULL),
(3447, 'Arpit Panchal', '+919974048704', NULL),
(3448, 'Er  Zakir Choudhary', '+919149813747', NULL),
(3449, 'Monika Gupta', '+919151168169', NULL),
(3450, 'Nikhil A', '+918897423013', NULL),
(3451, 'Ganesh Jonwal', '+918698436951', NULL),
(3452, 'Nayra', '+919664488062', NULL),
(3453, 'Sunalimbu ', '+917076041148', NULL),
(3454, 'MAYANK', '+919111120627', NULL),
(3455, 'KomalRexwalSofty', '+918368578026', NULL),
(3456, 'Hajmal Khan', '+917845452383', NULL),
(3457, 'Hemanashyam', '+919160276472', NULL),
(3458, 'Prashanthreddy', '+919963899576', NULL),
(3459, 'Princi Singh', '+919409803198', NULL),
(3460, 'Govind Bhardwaj', '+918930737652', NULL),
(3461, 'Nahidalone', '+916006326104', NULL),
(3462, 'Jay Shri Krishna', '+918446884651', NULL),
(3463, 'Shoeba Khalique', '+916395615227', NULL),
(3464, 'Jeevitha Kulal', '+918296816837', NULL),
(3465, 'Fatema', '+919998155515', NULL),
(3466, 'Lone Masarat Ayoub', '+918899608047', NULL),
(3467, 'Mohd Yaseen', '+919149505547', NULL),
(3468, 'Navya Dasari', '+919949013446', NULL),
(3469, 'Prathamesh Iyer', '+919766632661', NULL),
(3470, 'NEHA', '+919816493744', NULL),
(3471, 'Siddiqui Sana ', '+918576835402', NULL),
(3472, 'Parmeshwar Nandgave', '+918698375265', NULL),
(3473, 'Harry  ', '+917874881498', NULL),
(3474, 'Malik Saleem', '+919596235812', NULL),
(3475, 'Nishu Gowda', '+917899587240', NULL),
(3476, 'Nilofer', '+919176633785', NULL),
(3477, 'Diksha Ds', '+919168143658', NULL),
(3478, 'Rounak Siddiqi', '+918770299327', NULL),
(3479, 'Narendra Rathod', '+919326266950', NULL),
(3480, 'Shreya Pandey', '+917607484342', NULL),
(3481, 'Rakshitha', '+917996762851', NULL),
(3482, 'Harsha Soni ', '+918160051707', NULL),
(3483, 'Lemar  ', '+917658897782', NULL),
(3484, 'Mahi Kaur  Gill', '+917528861927', NULL),
(3485, 'Karventhan', '+919786245998', NULL),
(3486, 'Md Lais Reza', '+918178079585', NULL),
(3487, 'Akshaykumar D Patel', '+917014332830', NULL),
(3488, 'Sohail Ansari', '+917668544755', NULL),
(3489, 'Prajjwal Mishra', '+917355995150', NULL),
(3490, 'Priyanka', '+918349614859', NULL),
(3491, 'Ritu Nayak', '+917987119930', NULL),
(3492, 'Shivani Thakur', '+917876205066', NULL),
(3493, 'Arshiya Anu', '+917339173099', NULL),
(3494, 'Mrs Arsh Anand', '+917002192950', NULL),
(3495, 'Rushikesh Pimpalkar', '+917972086395', NULL),
(3496, 'Sneha Lazras', '+918585992658', NULL),
(3497, 'Vikas Wagh', '+918007053747', NULL),
(3498, 'Narendra Bala', '+919014255515', NULL),
(3499, 'Vishakha Deshmukh', '+917841076457', NULL),
(3500, 'Shivani', '+918178061593', NULL),
(3501, 'Ete Dengam', '+919774816755', NULL),
(3502, 'Kuldeep  Pawar', '+917887748217', NULL),
(3503, 'Pathan Sahiba', '+916359273313', NULL),
(3504, 'Sunaina Kour', '+916005803316', NULL),
(3505, 'Booma', '+918124442949', NULL),
(3506, 'Akash Hajeri', '+919980276570', NULL),
(3507, 'Shekh Arif Army', '+919109473088', NULL),
(3508, 'Thamim Ansari', '+919940014553', NULL),
(3509, 'Zoya Choudhari', '+916005636042', NULL),
(3510, 'GVDKumavat', '+919920546414', NULL),
(3511, 'Angela', '+918134803992', NULL),
(3512, 'Rohith Kumar', '+918618435269', NULL),
(3513, 'Abhishek Ghute', '+918483948164', NULL),
(3514, 'Sneha', '+917721073071', NULL),
(3515, 'Rohit ', '+919739207792', NULL),
(3516, 'Anjali Mangal', '+918218690409', NULL),
(3517, 'Krushnat Barad', '+918308527958', NULL),
(3518, 'Sowmya J B', '+919901995033', NULL),
(3519, 'Meena', '+917276520930', NULL),
(3520, 'VijendraSinghDodiya', '+919301715936', NULL),
(3521, 'Satyam Tidke', '+917350596360', NULL),
(3522, 'Sachin  Shegunasi', '+919110642612', NULL),
(3523, 'Prerna Pamnani', '+918107489420', NULL),
(3524, 'Pramoda Harikanta', '+919535053443', NULL),
(3525, 'Deepali Vyas', '+917534990710', NULL),
(3526, 'Manshi Gupta', '+918115726606', NULL),
(3527, 'Himanshu Bhoyar', '+918408060544', NULL),
(3528, 'Priya Sharma', '+919580589193', NULL),
(3529, 'Akshay Patil', '+917767051227', NULL),
(3530, 'Noreen Sayyad', '+919829318516', NULL),
(3531, 'Madan Madhu', '+919703871183', NULL),
(3532, 'JP', '+919469753175', NULL),
(3533, 'Shaihk Mohammad Sufi', '+917057516986', NULL),
(3534, 'Indhu Keerthi', '+917200364789', NULL),
(3535, 'Shazia', '+918082037808', NULL),
(3536, 'Sidra Tarannum', '+919538543848', NULL),
(3537, 'Vivek Jhunjhunwala', '+916370014895', NULL),
(3538, 'Rajkumar', '+917415746258', NULL),
(3539, 'Mohammed Sharif', '+919920381231', NULL),
(3540, 'Amol Patil', '+917090808371', NULL),
(3541, 'Rajatha', '+919900976706', NULL),
(3542, 'Kalyani Yadav', '+918459566181', NULL),
(3543, 'Gati Bhayani', '+918780949656', NULL),
(3544, 'Nidhi Agrawal', '+919897849020', NULL),
(3545, 'Parithosh Y G', '+918762764635', NULL),
(3546, 'Beausan Chyrmang', '+917629040774', NULL),
(3547, 'Manpreet Brar', '+918078655416', NULL),
(3548, 'Shankar', '+919021209854', NULL),
(3549, 'Meeraverma', '+917454899549', NULL),
(3550, 'Rohit Gera', '+919837001324', NULL),
(3551, 'Pshubh', '+918889235880', NULL),
(3552, 'Niikunj Bhardwaj', '+917017709291', NULL),
(3553, 'Swetha Vinay', '+918106653148', NULL),
(3554, 'Leveinai Romai', '+918132902598', NULL),
(3555, 'Sourabh Dalal', '+917028240820', NULL),
(3556, 'Pramod Mhaskar', '+917776888239', NULL),
(3557, 'Shera Rajput', '+917508258050', NULL),
(3558, 'Neethu S', '+918606825638', NULL),
(3559, 'Akash Varma', '+919945352791', NULL),
(3560, 'Mina Sediqi', '+919949008896', NULL),
(3561, 'Vanapalli Santoshi', '+916305475006', NULL),
(3562, 'Geetahadpad', '+918123936101', NULL),
(3563, 'Nida Patel', '+919421483396', NULL),
(3564, 'Ranny', '+919672614839', NULL),
(3565, 'Janakidevi', '+916385606075', NULL),
(3566, 'Leenu', '+917217580844', NULL),
(3567, 'Kunal Chouhan', '+918107574848', NULL),
(3568, 'Samadhan Adhao', '+919623742067', NULL),
(3569, 'Amit Kumar Tiwari', '+917870604804', NULL),
(3570, 'Rahul Rathod', '+919834900608', NULL),
(3571, 'Akkijaan', '+918074711550', NULL),
(3572, 'Shreedhar Bg', '+918088908814', NULL),
(3573, 'Sanjaykumar', '+917002012920', NULL),
(3574, 'Pavan Madupu', '+919912053828', NULL),
(3575, 'Hrishikesh Salodkar', '+919405648183', NULL),
(3576, 'Khushboo Goyal', '+918810099085', NULL),
(3577, 'Ritika Vijayvargiya', '+916375253249', NULL),
(3578, 'Parmar Ruchi', '+916352316870', NULL),
(3579, 'Bapu Dada Khilari', '+918459579752', NULL),
(3580, 'Kiran Kohli', '+919945382572', NULL),
(3581, 'Shourabh Kohli', '+918871580690', NULL),
(3582, 'Sanjay Jadhao', '+919561372228', NULL),
(3583, 'Dr Pravin Wavare', '+919970912199', NULL),
(3584, 'Anmol', '+917620594256', NULL),
(3585, 'Ravi Shanker Verma', '+919911599469', NULL),
(3586, 'Sundar', '+919940895378', NULL),
(3587, 'Anil', '+919066703199', NULL),
(3588, 'HHKR', '+919642166858', NULL),
(3589, 'Mohd Iqbal', '+919627786177', NULL),
(3590, 'John Hiffo Tadung', '+919402022492', NULL),
(3591, 'Tanveer Bhat', '+917006711208', NULL),
(3592, 'Gusain Anu Rana', '+917060841936', NULL),
(3593, 'Aachi Agarwal', '+919981914936', NULL),
(3594, 'Geniality', '+919366100083', NULL),
(3595, 'Prajakta Jadhav', '+918796368844', NULL),
(3596, 'Ankush Tillikhede', '+918554973859', NULL),
(3597, 'Prakash Parmar', '+919724927298', NULL),
(3598, 'Alex John', '+919113123564', NULL),
(3599, 'Chandra Sekhar', '+918008457153', NULL),
(3600, 'Rahul Gharate ', '+918308038983', NULL),
(3601, 'Its Me Roopa', '+919686841400', NULL),
(3602, 'Ambhore  Vaibhavi Vijay', '+919822355901', NULL),
(3603, 'Kapil Saini', '+919896002757', NULL),
(3604, 'Soliha Mehndi Designer', '+917006603936', NULL),
(3605, 'Deepak Mathur', '+917975234118', NULL),
(3606, 'Sher Singh', '+919888815491', NULL),
(3607, 'Foqiya Abid', '+917051594130', NULL),
(3608, 'Swapnil Gavate', '+917058810464', NULL),
(3609, 'Amol Badgujar', '+919604252150', NULL),
(3610, 'Iamjaved ', '+919152190465', NULL),
(3611, 'Geet Harshana', '+919694821013', NULL),
(3612, 'Sheikh Fayaz', '+919622619092', NULL),
(3613, 'Kitu Sharma', '+918320882955', NULL),
(3614, 'Aditya Narayan Pathak', '+918109077798', NULL),
(3615, 'Imdad Hussain', '+919797910045', NULL),
(3616, 'Abhismiley', '+916380801585', NULL),
(3617, 'Sujit Saha', '+918876989299', NULL),
(3618, 'Tanzil', '+917899440935', NULL),
(3619, 'Prashant Waingade', '+919380954441', NULL),
(3620, 'Ravi Maharaj', '+919618418337', NULL),
(3621, 'J  Aashika', '+916374081598', NULL),
(3622, 'Venkaiah Dalavai', '+916300097704', NULL),
(3623, 'Kaif Kazi', '+917744946893', NULL),
(3624, 'Surendra Kisan', '+919938644965', NULL),
(3625, 'Ruksar Ansari', '+919769280824', NULL),
(3626, 'Ashishbairisetty', '+918108062121', NULL),
(3627, 'Mohmad K', '+919535342168', NULL),
(3628, 'Meghali Razkhwa', '+916001130581', NULL),
(3629, 'Ansari Fatima', '+919022109045', NULL),
(3630, 'Aaryan Gehlot', '+916350126071', NULL),
(3631, 'Urvashi', '+918595405155', NULL),
(3632, 'Sarahakbar', '+919045295953', NULL),
(3633, 'Dr Gulshan Aftab', '+919906284147', NULL),
(3634, 'Sakshi Tripathi', '+917782897740', NULL),
(3635, 'Garima Passi', '+918725937921', NULL),
(3636, 'Pushpa  S R', '+918880794327', NULL),
(3637, 'Pravin Nikam', '+919595955317', NULL),
(3638, 'Guriya Kumari', '+918541067750', NULL),
(3639, 'Mahimachib', '+911923251035', NULL),
(3640, 'KajalWankhede', '+918830971825', NULL),
(3641, 'ArunKumarAnand', '+918466938848', NULL),
(3642, 'Vinuta Patil', '+919108228223', NULL),
(3643, 'Harshada Joshi', '+917841093970', NULL),
(3644, 'Sadaf Samiya', '+918792698517', NULL),
(3645, 'Nishi', '+918999773827', NULL),
(3646, 'Mamta Shaw', '+919007965656', NULL),
(3647, 'Pandarakkannu Thiruvenkadapothy', '+919578850764', NULL),
(3648, 'Kirti Munny Madaan', '+917027477559', NULL),
(3649, 'Shibasish Mishra', '+919778195345', NULL),
(3650, 'Sarovikuo Kiewhuo', '+918259883216', NULL),
(3651, 'Shamasud Din', '+917889385780', NULL),
(3652, 'Vaibhav Hanmante', '+919921020058', NULL),
(3653, 'Pallavi Gujar', '+918459893066', NULL),
(3654, 'Abhinav Shekhar Verma', '+919797999558', NULL),
(3655, 'AJAYYADAV', '+917760323202', NULL),
(3656, 'Prem Ji', '+918273662080', NULL),
(3657, 'Suleman Shaikh', '+917588400466', NULL),
(3658, 'Swati   ', '+918650020680', NULL),
(3659, 'Raj Gupta', '+918897018699', NULL),
(3660, 'Vineeta Sahu', '+919399193258', NULL),
(3661, 'Rajesh', '+918919424781', NULL),
(3662, 'Pallavi Ranganath', '+917899838127', NULL),
(3663, 'Rinkal Fouzdar', '+917229886211', NULL),
(3664, 'Kowsalya Saravanan', '+919443372057', NULL),
(3665, 'Rojana Yumnam', '+917085562588', NULL),
(3666, 'Chethan Nk', '+918970832299', NULL),
(3667, 'Kiruba', '+916380079682', NULL),
(3668, 'Himani Prajapati', '+918920003856', NULL),
(3669, 'Shubham Masane', '+919765252327', NULL),
(3670, 'Sairam', '+919652546928', NULL),
(3671, 'Deepti Rani Mahanta', '+917853915766', NULL),
(3672, 'Khyati Kareliya', '+919409524300', NULL),
(3673, 'Shristi Dwivedy', '+919470700314', NULL),
(3674, 'Radhika', '+918708618874', NULL),
(3675, 'Abhira', '+917397519537', NULL),
(3676, 'Md Ehtasham Ahmed', '+919798296717', NULL),
(3677, 'Dr Snehal Dhumal', '+919284006527', NULL),
(3678, 'MrSanjaySinghJeena', '+919782993714', NULL),
(3679, 'Firos', '+919744604185', NULL),
(3680, 'Nilesh K  Khare', '+917875347506', NULL),
(3681, 'Anuja   ', '+919708889703', NULL),
(3682, 'Rehana', '+918082192754', NULL),
(3683, 'Pallabi Deka', '+918761843336', NULL),
(3684, 'Sk Verma', '+919255651035', NULL),
(3685, 'Akash Goyal', '+917668624712', NULL),
(3686, 'Amol Wakode', '+917045522961', NULL),
(3687, 'Diksha', '+918168309308', NULL),
(3688, 'Abhishek B S Shyva', '+918197375939', NULL),
(3689, 'FAYAZ', '+919535356040', NULL),
(3690, 'Payal Meshram', '+918623048629', NULL),
(3691, 'Nisarga  Shetty', '+917406286065', NULL),
(3692, 'Rocky Rakesh', '+918297979155', NULL),
(3693, 'Shalini Farswan', '+917310706798', NULL),
(3694, 'Ameena Afreen', '+916303406259', NULL),
(3695, 'Raja Sahil Bhat', '+917889426713', NULL),
(3696, 'Shanta', '+919008661864', NULL),
(3697, 'Pratibha', '+917049709542', NULL),
(3698, 'Saurabh Bhongade', '+917057563901', NULL),
(3699, 'Harshitaaa', '+917024643399', NULL),
(3700, 'Ahmad Salim Pardis', '+917990245873', NULL),
(3701, 'Ambika Arora', '+918218765836', NULL),
(3702, 'Duggu', '+918824553591', NULL),
(3703, 'Samina Beg', '+919834145831', NULL),
(3704, 'Er Chotu Malik', '+917051965420', NULL),
(3705, 'Arpita Dhawale', '+919890141269', NULL),
(3706, 'Pournima Adabale', '+919324664554', NULL),
(3707, 'Jottam', '+918732806636', NULL),
(3708, 'Jitendra Patil', '+918486126457', NULL),
(3709, 'Prajjawal', '+917024006560', NULL),
(3710, 'Smart Sedhu', '+919585513832', NULL),
(3711, 'Sachin Gowli', '+919242901717', NULL),
(3712, 'Kemesanuo Rhetso', '+917085420021', NULL),
(3713, 'Nishi Rajput', '+918140413808', NULL),
(3714, 'Sweety Samrah', '+919742739307', NULL),
(3715, 'Rani Abhang', '+917020313207', NULL),
(3716, 'Lavanya', '+918830154259', NULL),
(3717, 'Devika Jb', '+919640910098', NULL),
(3718, 'Sathish Mech', '+919578668059', NULL),
(3719, 'Rayan Rayuu Aro', '+918050486952', NULL),
(3720, 'Raginee Joshi', '+917688841167', NULL),
(3721, 'Suma Lakshman', '+919739737242', NULL),
(3722, 'Simran Prajapati', '+918452836403', NULL),
(3723, 'Sathish', '+916374949657', NULL),
(3724, 'Hayat', '+916005061015', NULL),
(3725, 'ShaliniSinghShalu', '+919520552440', NULL),
(3726, 'Sumit Pathak', '+917809786950', NULL),
(3727, 'Arshad Khan', '+919768212154', NULL),
(3728, 'Rahul Singh', '+919149782273', NULL),
(3729, 'Lepcha Ming', '+917477746194', NULL),
(3730, 'E R Samisahbaz', '+918851334164', NULL),
(3731, 'Rupal', '+918209333904', NULL),
(3732, 'Bibhuti Bhusan Patro', '+919437776774', NULL),
(3733, 'Harjiit Yamgar', '+917083679100', NULL),
(3734, 'Ketki Singh', '+918949904645', NULL),
(3735, 'Asmia Nk ', '+919596019684', NULL),
(3736, 'Adarsh Malviya', '+919827686091', NULL),
(3737, 'Saurabh Singh', '+919026177265', NULL),
(3738, 'Sumbul Zaveen', '+919634313408', NULL),
(3739, 'Shehrun Nisha', '+919671266097', NULL),
(3740, 'Rainy Sitlhou', '+917629936353', NULL),
(3741, 'Swati Thakur', '+917807770720', NULL),
(3742, 'Meer Adeena', '+918899610191', NULL),
(3743, 'Kesavachary', '+919963000951', NULL),
(3744, 'Sadia', '+917051352674', NULL),
(3745, 'Tekhewu Lasuh', '+918974892096', NULL),
(3746, 'Jyoti Chandrasing Brahman', '+917385979207', NULL),
(3747, 'Rashmi', '+918175004570', NULL),
(3748, 'Sheetal Vats', '+917042006638', NULL),
(3749, 'Priya Honrao', '+917066127911', NULL),
(3750, 'Aparna Badak', '+918888532359', NULL),
(3751, 'Krish Krishnam', '+919393504958', NULL),
(3752, 'Ashwini Upadhyay', '+919889106703', NULL),
(3753, 'Venkatreddy', '+917569387586', NULL),
(3754, 'Nilesh Birla', '+917389022389', NULL),
(3755, 'BNuTej', '+917330781369', NULL),
(3756, 'JagdishPrajapat', '+919512152244', NULL),
(3757, 'Darshan K R', '+916366327445', NULL),
(3758, 'Raam', '+919677818223', NULL),
(3759, 'Nikky', '+917055997307', NULL),
(3760, 'Mauli', '+918623988077', NULL),
(3761, 'Eshika Rt Kapoor', '+917547840567', NULL),
(3762, 'Shaikh Rozmina', '+918530909002', NULL),
(3763, 'Uday Singh', '+919589238898', NULL),
(3764, 'Priya Thapa', '+917077355564', NULL),
(3765, 'Rupesh Smart', '+919943380110', NULL),
(3766, 'MSR', '+916005812516', NULL),
(3767, 'Kamran Naqshbandi', '+918717000010', NULL),
(3768, 'Maqsood Hussain', '+919014097492', NULL),
(3769, 'Prashanth', '+917075886030', NULL),
(3770, 'Chanchal Ghongde', '+918435083014', NULL),
(3771, 'Pavitra Shet', '+918296599949', NULL),
(3772, 'Rohit Vats', '+919417742233', NULL),
(3773, 'Tanveer Nadvi', '+919797938795', NULL),
(3774, 'Themreichan', '+916009246215', NULL),
(3775, 'Sumit Ahirwar', '+917987729950', NULL),
(3776, 'Chitwan Sengar', '+919580802009', NULL),
(3777, 'Randeep Bijyal ', '+919596897240', NULL),
(3778, 'Dharti Patil', '+919075112717', NULL),
(3779, 'Sagar Kore', '+917795111877', NULL),
(3780, 'Abhishek Abhi', '+918197603546', NULL),
(3781, 'Priyanka Thakur', '+917079381071', NULL),
(3782, 'Appuichii', '+919902831626', NULL),
(3783, 'Shreya Trivedi', '+918839466733', NULL),
(3784, 'Pritam Bhosale', '+918655661286', NULL),
(3785, 'Rajani Kothari', '+917588054502', NULL),
(3786, 'Prajuumeshram', '+918669878915', NULL),
(3787, 'Muzamilrahman', '+918897372748', NULL),
(3788, 'Anvesh P W R', '+919834368730', NULL),
(3789, 'CuteRitika', '+917889830810', NULL),
(3790, 'Swapnali Waghmode', '+917387490605', NULL),
(3791, 'Mohammed Ameen', '+916379987300', NULL),
(3792, 'Jignesh Shrimali', '+918866026800', NULL),
(3793, 'Spoorti Hasabi', '+917353496857', NULL),
(3794, 'Nancy Mittal', '+918982142860', NULL),
(3795, 'Madhu Gautam', '+919780080210', NULL),
(3796, 'Rushikesh Vyas', '+917744080647', NULL),
(3797, 'Mounika Rodeh', '+918688539765', NULL),
(3798, 'Jordan', '+919906426080', NULL),
(3799, 'Rinku', '+917976284765', NULL),
(3800, 'Suresh Gowda H T', '+918496891781', NULL),
(3801, 'Monikasharma', '+919882856302', NULL),
(3802, 'Yuvi Puhal', '+919876742666', NULL),
(3803, 'Ooha Bedadha', '+919154675965', NULL),
(3804, 'Richa Mehra', '+917888860782', NULL),
(3805, 'Dhilip Kumar', '+918807009827', NULL),
(3806, 'Chouhandivya', '+918503897792', NULL),
(3807, 'Narmadha', '+917339687696', NULL),
(3808, 'Udhay Sethupathy', '+919600547450', NULL),
(3809, 'Roopa R', '+919844975906', NULL),
(3810, 'Sai Krishna Pemmadi', '+917416789993', NULL),
(3811, 'Tejaswini Thakare ', '+919158566911', NULL),
(3812, 'Anjal', '+918113985179', NULL),
(3813, 'Neha Khandelwal', '+918058507602', NULL),
(3814, 'Satinderpal Singh', '+917218566037', NULL),
(3815, 'Hibu Hizba', '+917298199360', NULL),
(3816, 'Traveler ', '+918095532507', NULL),
(3817, 'Rushikesh Somnath Shinde', '+917057454185', NULL),
(3818, 'Ashwini  Suryavanshi', '+917678042015', NULL),
(3819, 'Karthik Singham', '+918073454018', NULL),
(3820, 'Dazzling', '+917206832047', NULL),
(3821, 'Arundasari', '+919705858368', NULL),
(3822, 'Arun Agarvanshi', '+919565851731', NULL),
(3823, 'Santosh Jaiswal', '+917678005061', NULL),
(3824, 'Prateek Daksh', '+919899469447', NULL),
(3825, 'Kanchana Kanchu', '+919380836043', NULL),
(3826, 'Ramya', '+919791596977', NULL),
(3827, 'Aruna', '+918580478233', NULL),
(3828, 'Vikas Patil', '+919075685618', NULL),
(3829, 'RehanAbbasi', '+919389444471', NULL),
(3830, 'Deep Ligupt ', '+918827839067', NULL),
(3831, 'Sharath Gowda', '+917019658460', NULL),
(3832, 'Ramesh Patel', '+918464937670', NULL),
(3833, 'Aman', '+919646312277', NULL),
(3834, 'Reyan Khan', '+917842458346', NULL),
(3835, 'Naveena Kapoor', '+918707664667', NULL),
(3836, 'Vinayak Miskin', '+919886714798', NULL),
(3837, 'Mohammed Shinas', '+919645555303', NULL),
(3838, 'Mohammed Insaf', '+918921382100', NULL),
(3839, 'Shez Khan', '+918868970018', NULL),
(3840, 'Soundarya N', '+918152801656', NULL),
(3841, 'Syed Mudassir', '+919141611143', NULL),
(3842, 'Hemanta Bhuyan', '+918486358925', NULL),
(3843, 'Savu', '+917756991239', NULL),
(3844, 'Mahesh Phule', '+919922555523', NULL),
(3845, 'Jaya  Sree', '+918499011913', NULL),
(3846, 'Samiksha', '+917693901944', NULL),
(3847, 'Shikha Soni', '+918178918704', NULL),
(3848, 'Bublu', '+919566273138', NULL),
(3849, 'Priyanka Madanlal Ahire', '+918007470496', NULL),
(3850, 'Leena Sain Leena Sain', '+918502907901', NULL),
(3851, 'Suma', '+919945914285', NULL),
(3852, 'Munawwar Mushrif', '+919886004153', NULL),
(3853, 'Anagha Radhakrishnan', '+919495591681', NULL),
(3854, 'Official Ket N', '+917000907997', NULL),
(3855, 'Ggepeng', '+919862746487', NULL),
(3856, 'Jyoti Sharma', '+918219152418', NULL),
(3857, 'Suresh Maheshwari', '+919033323354', NULL),
(3858, 'Lokesh Babchedi', '+919008093678', NULL),
(3859, 'Darling Sandeep', '+919705027420', NULL),
(3860, 'Nirmala Kumarswamy', '+918971670473', NULL),
(3861, 'Anup Sharma', '+919583333387', NULL),
(3862, 'Vinutha Vinu', '+916362704880', NULL),
(3863, 'Michal Jaiskar', '+917402249976', NULL),
(3864, 'Kaleeswari Azhagarsami', '+919865312817', NULL),
(3865, 'Vartika Kushwah', '+919731677454', NULL),
(3866, 'Shehzad Tinwala', '+919173076706', NULL),
(3867, 'ShabinaKhan', '+918126490632', NULL),
(3868, 'Sonasingh', '+918307663955', NULL),
(3869, 'Jb', '+919797753881', NULL),
(3870, 'Pournima Babar', '+919619081455', NULL),
(3871, 'Saloni Patani', '+919923748300', NULL),
(3872, 'Sonaton Marandi', '+917320868416', NULL),
(3873, 'Harshada Mahajan', '+919561454187', NULL),
(3874, 'Vanya Dubey', '+917587251861', NULL),
(3875, 'Rakesh', '+917769949314', NULL),
(3876, 'Shivaranjani Kulkarni', '+918087477161', NULL),
(3877, 'Mrunali Chaure', '+919665082391', NULL),
(3878, 'Gnix Dma', '+919596819801', NULL),
(3879, 'Shirsti Himanshi Pokhriyal', '+918869021113', NULL),
(3880, 'Sarikagautam', '+919792595882', NULL),
(3881, 'Suneelreddy', '+919032550981', NULL),
(3882, 'Saad Ahmed Shariff', '+919916176768', NULL),
(3883, 'Sheikh Yousuf', '+917872547991', NULL),
(3884, 'Kaviarasi', '+919629024986', NULL),
(3885, 'Bharathi', '+919894167483', NULL),
(3886, 'Brindha Raju', '+916381152700', NULL),
(3887, 'NishanthHWdRy', '+919948387879', NULL),
(3888, 'Homesh Nandekar', '+918806108579', NULL),
(3889, 'Dar Sameer', '+919797041902', NULL),
(3890, 'Ankit Tiwari', '+919131655935', NULL),
(3891, 'R  Ganesan', '+919943922006', NULL),
(3892, 'Deep Dey', '+919613566852', NULL),
(3893, 'Vikasyadav', '+917055707273', NULL),
(3894, 'Kuldeep Kumbhar', '+919686167042', NULL),
(3895, 'Pramod Honmore', '+918806169552', NULL),
(3896, 'Gopal Bhil', '+919714750909', NULL),
(3897, 'Surada Chalam', '+918897411592', NULL),
(3898, 'Sajan Ali', '+919101983720', NULL),
(3899, 'Mrs Ak', '+917780845006', NULL),
(3900, 'Himanshu Agarwal', '+919837454035', NULL),
(3901, 'Iqbal', '+918391089848', NULL),
(3902, 'SsquareshivaniTaani', '+917983070421', NULL),
(3903, 'Ishfaq Vni', '+917298371262', NULL),
(3904, ' Reddy ', '+919160848260', NULL),
(3905, 'Sangram Rathod', '+919845188537', NULL),
(3906, 'Sakhamuri Gopi Krishna', '+918008890203', NULL),
(3907, 'Purnima Gupta', '+917985298455', NULL),
(3908, 'Call Me Uv', '+917995744164', NULL),
(3909, 'Niharika Vijayvargiya', '+919799485521', NULL),
(3910, 'Purshottam Verma', '+918375033774', NULL),
(3911, '   Nandhini', '+917449266109', NULL),
(3912, 'Sumetha P', '+916381162607', NULL),
(3913, 'Pallavi Singh', '+919402347805', NULL),
(3914, 'Daruzma', '+919149978096', NULL),
(3915, 'Mahesh', '+917351150344', NULL),
(3916, 'Nikita Kandulna', '+918658247544', NULL),
(3917, 'Sairam', '+916303378767', NULL),
(3918, 'Kalyani Sriram', '+919573006686', NULL),
(3919, 'Alok Maurya', '+918115955921', NULL),
(3920, 'Surya', '+918303003766', NULL),
(3921, 'Vicky Prashar', '+918219867506', NULL),
(3922, 'Archu Adhi  ', '+919487114883', NULL),
(3923, 'Kantika', '+919622720441', NULL),
(3924, 'Sree Sree', '+919704643283', NULL),
(3925, 'Nisha Selvarathnam', '+919366713427', NULL),
(3926, 'Ashia Begum', '+917036214491', NULL),
(3927, 'Tahir Shaikh', '+918975876494', NULL),
(3928, 'Phani', '+918464996245', NULL),
(3929, 'Nayara', '+919056333440', NULL),
(3930, 'Sambhaji Dhakane', '+917776845102', NULL),
(3931, 'Shivani Pujara', '+917984976031', NULL),
(3932, 'HVHD', '+919834835523', NULL),
(3933, 'Satish Goud Kesagani', '+918096523451', NULL),
(3934, 'Ranjith Raol', '+917989091612', NULL),
(3935, 'Bhawana Sankhla', '+919950734660', NULL),
(3936, 'Deepsqueen', '+917045422850', NULL),
(3937, 'Himanshu Singh', '+919415965126', NULL),
(3938, 'Naresh K M', '+918105249743', NULL),
(3939, 'Babbu Jalandharia', '+918699875352', NULL),
(3940, 'Aman Verma', '+919816857088', NULL),
(3941, 'Shaikh Armaan', '+917084272389', NULL),
(3942, 'Juhe Saim', '+919469491556', NULL),
(3943, 'Srinath Royal', '+918096687858', NULL),
(3944, 'Dips ', '+918896471111', NULL),
(3945, 'Chinu', '+919995188408', NULL),
(3946, 'Kannan', '+919080174583', NULL),
(3947, 'Firdousa', '+919906881061', NULL),
(3948, 'Muskan', '+917001901353', NULL),
(3949, 'Aditya Narayan Nayak', '+917326914378', NULL),
(3950, 'Arjun Gurung', '+917407115002', NULL),
(3951, 'Venkatesan', '+919843531667', NULL),
(3952, 'Bala Ji T S', '+919952420455', NULL),
(3953, 'Saket Patel', '+918463840833', NULL),
(3954, 'Shabana', '+918178546987', NULL),
(3955, 'Aishwarya Mahajan', '+916280863628', NULL),
(3956, 'Manya R Gowda', '+917259624859', NULL),
(3957, 'Priya N', '+917867841154', NULL),
(3958, 'Yukti Singhal', '+918949726597', NULL),
(3959, 'Ashok Kumar', '+919166404847', NULL),
(3960, 'Pankaj', '+919817098801', NULL),
(3961, 'Bmk Nayak', '+919574275492', NULL),
(3962, 'Naveenkumar', '+916362325504', NULL),
(3963, 'Sarmista Panda', '+918144252328', NULL),
(3964, 'Shubham Jain', '+919033688864', NULL),
(3965, 'Shabeena', '+919393418707', NULL),
(3966, 'Kavya Sree', '+919346448841', NULL),
(3967, 'Love Girl R', '+919707027078', NULL),
(3968, 'Sudhan', '+918248626406', NULL),
(3969, 'Nidhi Chauhan', '+919737193014', NULL),
(3970, 'Kavita Parihar', '+918955939050', NULL),
(3971, ' Nzh L ', '+919849958624', NULL),
(3972, 'Afiya', '+917889754430', NULL),
(3973, 'Kirti', '+918779489408', NULL),
(3974, 'Poonam Sengar', '+917974677695', NULL),
(3975, 'Yogesh Bornare', '+919767822608', NULL),
(3976, 'Monalisa Bhatta', '+918598832797', NULL),
(3977, 'Phurpalhamo', '+916909116473', NULL),
(3978, 'Revathikishan', '+919652523836', NULL),
(3979, 'Pragya Narang', '+919461165408', NULL),
(3980, 'Gaaniya Singh', '+918269175771', NULL),
(3981, 'Veda  S', '+918296287523', NULL),
(3982, 'Rayees', '+919622556322', NULL),
(3983, 'Swati', '+917224881856', NULL),
(3984, 'Suraj Singh', '+919265162472', NULL),
(3985, 'Sowmiya', '+919150866261', NULL),
(3986, 'Palvinder', '+918196988816', NULL),
(3987, 'Ashu Khot', '+919096917008', NULL),
(3988, 'Gauri Deshmukh', '+918855895461', NULL),
(3989, 'Kiran Dewangan', '+917389207126', NULL),
(3990, 'Sulaiman', '+919844350113', NULL),
(3991, 'MBH', '+919606375921', NULL),
(3992, 'Angel Haya', '+919682104507', NULL),
(3993, 'Rukiya', '+918493069769', NULL),
(3994, 'Riyaz Bhat', '+919906420864', NULL),
(3995, 'KanhaKumar', '+917008899105', NULL),
(3996, 'Ath L T M', '+918086703463', NULL),
(3997, 'Jattappa Ghode', '+917353966713', NULL),
(3998, 'Sunita Shah', '+916002355461', NULL),
(3999, 'Salman Shaik', '+919908669170', NULL),
(4000, 'Arti Parge', '+918827464741', NULL),
(4001, 'Telangpooja', '+918722044624', NULL),
(4002, 'Archana', '+918971274989', NULL),
(4003, '   Juhi', '+918120771333', NULL),
(4004, 'Niharika', '+919892204451', NULL),
(4005, 'Piyush Parmar', '+919770424956', NULL),
(4006, 'Sakeena Devi', '+917973049489', NULL),
(4007, 'Sahana Montadka', '+919481390277', NULL),
(4008, 'Binoy Ray Sarkar', '+918388904417', NULL),
(4009, 'PramodReddyYalakaYsrcp', '+917569537918', NULL),
(4010, 'Debabrata Chakraborty', '+919635853962', NULL),
(4011, 'Siva Kumar', '+919704525700', NULL),
(4012, 'Ashok Msd', '+919573654313', NULL),
(4013, 'Lakkappa Karigar', '+919740259185', NULL),
(4014, 'Sunil Kumar Chaubey', '+916207278708', NULL),
(4015, 'Khaja Pasha Mohammad', '+919640823414', NULL),
(4016, 'Dar Ziya', '+917889513857', NULL),
(4017, 'Akanksha Kumari', '+917488538968', NULL),
(4018, 'Bhavu Feb', '+917062321344', NULL),
(4019, 'Sweta', '+918860230153', NULL),
(4020, 'Niranjan', '+919986727433', NULL),
(4021, 'Kiranmai Erramalla', '+918074749914', NULL),
(4022, 'Saatvik Sharma', '+919355725350', NULL),
(4023, 'Nilamadhab Mallick', '+919437027181', NULL),
(4024, 'Priyanka Tripathi', '+917838480705', NULL),
(4025, 'Allenki Venkatesh', '+918247399738', NULL),
(4026, 'Pragya Mishra', '+917459977976', NULL),
(4027, 'Nima Lhamu', '+918256954150', NULL),
(4028, 'Thanu J P', '+916362539986', NULL),
(4029, 'Dodla Ravi', '+919866426724', NULL),
(4030, 'Manas Patra', '+918944963114', NULL),
(4031, 'Saurabh Rana', '+918937084808', NULL),
(4032, 'Sanaa Khan', '+918791878815', NULL),
(4033, 'Ankit Singh', '+918173036161', NULL),
(4034, 'Mehek Mehek', '+918498818326', NULL),
(4035, 'Vipin Mani', '+919718628539', NULL),
(4036, 'Saima Jaaan', '+918494086989', NULL),
(4037, 'Vivek Jaiswal', '+917829562314', NULL),
(4038, 'Sambasiva   Osuri', '+919553209048', NULL),
(4039, 'Motilal Mahanta', '+919437710397', NULL),
(4040, 'Neetu Jain', '+919074906263', NULL),
(4041, 'Alone Sai', '+917013476823', NULL),
(4042, 'Md Shahbaz Nawaz', '+917277391101', NULL),
(4043, 'Mg Udaykiran', '+917416502923', NULL),
(4044, 'Samir Bagawan', '+918904458507', NULL),
(4045, 'Mathura Debbarma', '+918974280477', NULL),
(4046, 'Chandan Kumar', '+917083045873', NULL),
(4047, 'Sonal Borse', '+917058806891', NULL),
(4048, 'Maratti Bheemshen', '+917893677952', NULL),
(4049, 'Pooja Kore', '+917224827859', NULL),
(4050, 'Mahesh', '+918279887397', NULL),
(4051, 'Genda Patel', '+919575874497', NULL),
(4052, 'Rahul Singh', '+919314899937', NULL),
(4053, 'Sarita', '+918528265955', NULL),
(4054, 'Satwik S M', '+919886131998', NULL),
(4055, 'A Ho', '+917448135917', NULL),
(4056, 'Nandhu Nandy', '+919976646829', NULL),
(4057, 'Ranjithpm', '+917449110556', NULL),
(4058, 'Ajin A', '+919894504776', NULL),
(4059, 'Beichhysa Syhly', '+917085914090', NULL),
(4060, 'Raja', '+919944964289', NULL),
(4061, 'Aravindkumar', '+919843406208', NULL),
(4062, 'Mandara M', '+919483341242', NULL),
(4063, 'Bikshu', '+919989792446', NULL),
(4064, 'Thiru Pathi', '+919894717504', NULL),
(4065, 'Simranjeet Singh', '+919654261827', NULL),
(4066, 'Jjel Lara', '+918883075392', NULL),
(4067, 'Chris Gayle', '+918248028002', NULL),
(4068, 'Ganesh Kurani', '+917829896497', NULL),
(4069, 'Suresh Prajapat', '+918239145136', NULL),
(4070, 'Prakash Bhoi', '+918925608233', NULL),
(4071, 'Amritkaur', '+919101225820', NULL),
(4072, 'Sonam Dubey', '+919967504642', NULL),
(4073, 'Karansingh', '+917426911728', NULL),
(4074, 'Umesh Jadhao', '+918459118823', NULL),
(4075, 'Firdose Ahmad Wagay', '+919622739072', NULL),
(4076, 'Afsha', '+919632089640', NULL),
(4077, 'Ar Fathey', '+919797215037', NULL),
(4078, 'Peddireddy Maruthi Kumar', '+919912136407', NULL),
(4079, 'Dharmender Baghel', '+918287648108', NULL),
(4080, 'Abhiram Roy', '+918340433417', NULL),
(4081, 'Rabi Machahary', '+916003583959', NULL),
(4082, 'S Rajini', '+919182991173', NULL),
(4083, 'Sundarraj', '+917539958714', NULL),
(4084, 'Sachian Vartia', '+919671720390', NULL),
(4085, 'Sagar Kumar', '+917739296681', NULL),
(4086, 'Ravindra Mali', '+918898391450', NULL),
(4087, 'Sujeet Roy', '+917979020517', NULL),
(4088, 'Shruthi Suvarna', '+918861129358', NULL),
(4089, 'Aaryan Sharma', '+919001850703', NULL),
(4090, 'Ankita Chattaraj', '+919691763417', NULL),
(4091, 'Mahesh Ghuge', '+919021731438', NULL),
(4092, 'Rooma Singh', '+917011583261', NULL),
(4093, 'Rukuseyi Nyekha', '+918119021848', NULL),
(4094, 'Jyoti Sharma', '+919622226867', NULL),
(4095, 'Mona', '+917837288529', NULL),
(4096, 'Jagdish Singh', '+919967959649', NULL),
(4097, 'Sudhakar Sudhakark', '+919866320578', NULL),
(4098, 'Tasleem', '+916396212173', NULL),
(4099, 'Rekha Thangaraj', '+917339020237', NULL),
(4100, 'Tapas Ranjan Barik', '+917873386367', NULL),
(4101, 'Ashwini Mathurkar', '+919604343439', NULL),
(4102, 'Manu Manideep', '+919676266476', NULL),
(4103, 'Snow', '+918746914764', NULL);

-- --------------------------------------------------------

--
-- Table structure for table `sms_records`
--

CREATE TABLE `sms_records` (
  `id` bigint(20) NOT NULL,
  `error_code` varchar(20) NOT NULL,
  `error_message` varchar(20) NOT NULL,
  `job_id` varchar(20) NOT NULL,
  `message` text NOT NULL,
  `timestamp` varchar(50) NOT NULL,
  `schedule_time` varchar(50) NOT NULL DEFAULT '0000-00-00 00:00:00'
) ENGINE=MyISAM DEFAULT CHARSET=utf8;

--
-- Dumping data for table `sms_records`
--

INSERT INTO `sms_records` (`id`, `error_code`, `error_message`, `job_id`, `message`, `timestamp`, `schedule_time`) VALUES
(10, '000', 'Success', '395261101', 'Your SMS system is working fine. You can now send SMS to your student. Your default SENDER ID is SMSTST. After 7 days your DLT registration will be done. Thanks.', '2020-08-05 11:49:10', ''),
(8, '000', 'Success', '395218815', 'Good morning Dollar', '2020-08-05 10:51:35', ''),
(9, '000', 'Success', '395221416', 'Your SMS system is working fine. You can now send SMS to your student. Your default SENDER ID is SMSTST. After 7 days your DLT registration will be done. Thanks', '2020-08-05 10:55:59', ''),
(11, '000', 'Success', '395331316', 'Good afternoon Dollar', '2020-08-05 14:29:47', ''),
(12, '000', 'Success', '0', 'Good night DollaR.', '2020-08-05 23:10:43', '2020/08/05 11:19:00 PM'),
(13, '000', 'Success', '395445009', 'Good night dollar.', '2020-08-05 23:58:23', ''),
(14, '000', 'Success', '0', 'This is a scheduled message, and it\'s working fine.', '2020-08-06 14:02:43', '2020/08/06 02:07:00 PM'),
(15, '000', 'Success', '0', 'this is scheduled test msg', '2020-08-06 16:14:46', '2020/08/06 04:20:00 PM'),
(16, '000', 'Success', '0', 'Hello Sumon', '2020-08-06 17:18:50', '2020/08/06 05:25:00 PM'),
(17, '000', 'Success', '395684453', 'Good afternoon', '2020-08-06 17:19:34', ''),
(18, '000', 'Success', '395685275', 'Pleasse deposit your fees within due date to avoid late fine.', '2020-08-06 17:22:44', ''),
(19, '000', 'Success', '0', 'Pleasse deposit your fees within due date to avoid late fine.', '2020-08-06 17:24:39', '2020/08/06 05:30:00 PM'),
(20, '000', 'Success', '395731370', 'I love you', '2020-08-06 21:44:49', ''),
(21, '000', 'Success', '395731501', 'aaj pant kholke ready rehena .. hum arehe h', '2020-08-06 21:46:21', ''),
(22, '000', 'Success', '395734910', 'Do you wish to speak English Fluently?\r\n\r\nEnroll in india\'s most successful training Communicative English Mastery \r\n\r\nhttps://bit.ly/3gqwShk \r\nRrgards,\r\nSuha Academy', '2020-08-06 22:33:37', ''),
(23, '000', 'Success', '395787097', 'Do you wish to speak English fluently? Join India\'s most Successful Training Communicative English Mastery Click on the link as per scheduled time https://bit.ly/3a0y9cK Date - 9 Aug(7:30 pm) This training will give you complete blueprint from increasing vocabulary to speak English Confidently. Regards Suha Academy', '2020-08-07 10:28:48', ''),
(24, '000', 'Success', '396234330', 'Do you wish to speak English Fluently?\r\n\r\nJoin India\'s most Successful Training \r\nClick on https://bit.ly/3a0y9cK \r\nDate - 9 Aug(7:30 pm)\r\n\r\nRegards \r\nSuha Academy', '2020-08-08 11:54:48', ''),
(25, '000', 'Success', '396270406', 'Do you wish to speak English Fluently?\r\n\r\nJoin India\'s most Successful Training \r\nClick on https://bit.ly/3a0y9cK \r\nDate - 9 Aug(7:30 pm)\r\n\r\nRegards \r\nSuha Academy', '2020-08-08 12:23:08', ''),
(26, '000', 'Success', '396323966', 'Do you wish to speak English Fluently?\r\n\r\nJoin India\'s most Successful Training \r\nClick on https://bit.ly/3a0y9cK \r\nDate - 9 Aug(7:30 pm)\r\n\r\nRegards \r\nSuha Academy', '2020-08-08 14:03:50', ''),
(27, '000', 'Success', '396324204', 'Do you wish to speak English Fluently?\r\n\r\nJoin India\'s most Successful Training \r\nClick on https://bit.ly/3a0y9cK \r\nDate - 9 Aug(7:30 pm)\r\n\r\nRegards \r\nSuha Academy', '2020-08-08 14:04:52', ''),
(28, '000', 'Success', '396324469', 'Do you wish to speak English Fluently?\r\n\r\nJoin India\'s most Successful Training \r\nClick on https://bit.ly/3a0y9cK \r\nDate - 9 Aug(7:30 pm)\r\n\r\nRegards \r\nSuha Academy', '2020-08-08 14:06:13', ''),
(29, '000', 'Success', '396324756', 'Do you wish to speak English Fluently?\r\n\r\nJoin India\'s most Successful Training \r\nClick on https://bit.ly/3a0y9cK \r\nDate - 9 Aug(7:30 pm)\r\n\r\nRegards \r\nSuha Academy', '2020-08-08 14:07:12', ''),
(30, '000', 'Success', '396479857', 'Do you wish to speak English Fluently?\r\n\r\nJoin India\'s most Successful Training \r\nClick on https://bit.ly/3a0y9cK \r\nDate - 9 Aug(7:30 pm)\r\n\r\nRegards \r\nSuha Academy', '2020-08-09 10:24:40', ''),
(31, '000', 'Success', '0', 'Do you wish to speak English Fluently?\r\n\r\nJoin India\'s most Successful Training \r\nClick on https://bit.ly/3a0y9cK \r\nDate - 9 Aug(7:30 pm)\r\n\r\nThnaks\r\nSuha Academy', '2020-08-09 10:30:12', '2020/08/09 10:35:00 AM'),
(32, '000', 'Success', '396698585', 'Good Morning Dollar', '2020-08-10 10:22:49', ''),
(33, '000', 'Success', '396702971', 'New Morning always brings happiness.', '2020-08-10 10:29:12', ''),
(34, '000', 'Success', '396705364', 'Your SMS app is now working fine with new SENDER ID and best route.', '2020-08-10 10:32:10', ''),
(35, '000', 'Success', '397513970', 'Do you wish to speak English Fluently? \r\n\r\nJoin India\'s most Successful Training programme Click on https://bit.ly/2PEltPm \r\n\r\nLearn English by GFP technique Hundreads of students got successful Now it\'s your turn. \r\nContact - 7980102938 \r\n\r\nRegards \r\nSuha Academy', '2020-08-11 20:20:01', ''),
(36, '000', 'Success', '397522031', 'Do you wish to speak English Fluently? \r\n\r\nJoin India\'s most Successful Training programme \r\n\r\nClick on https://bit.ly/2PEltPm\r\n\r\nLearn English by GFP technique Hundreads of students got successful Now it\'s your turn. \r\n\r\nNothing is more expensive than a missed opportunity.\r\n\r\nContact - 7980102938\r\n \r\nRegards \r\nSuha Academy', '2020-08-11 21:12:42', ''),
(37, '000', 'Success', '397523217', 'Do you wish to speak English Fluently? \r\n\r\nJoin India\'s most Successful Training programme \r\n\r\nClick on https://bit.ly/2PEltPm\r\n\r\nLearn English by GFP technique. Hundreds of students got successful Now it\'s your turn. \r\n\r\nNothing is more expensive than a missed opportunity.\r\n\r\nContact - 7980102938\r\n \r\nRegards \r\nSuha Academy', '2020-08-11 21:22:08', ''),
(38, '000', 'Success', '399356157', 'Do you wish to speak English Fluently? \r\nJoin India\'s most Successful Training programme https://chat.whatsapp.com/K6n83XcbNRxDpiTW6okXoV \r\nRehards, \r\nSuha Academy', '2020-08-17 13:00:11', ''),
(39, '000', 'Success', '399358012', 'Do you wish to speak English Fluently? \r\n\r\nJoin India\'s most Successful Training programme \r\nTo get details click on https://bit.ly/3h3sxAZ\r\n\r\nRegards, \r\nSuha Academy', '2020-08-17 13:04:30', ''),
(40, '000', 'Success', '399360271', 'Do you wish to speak English Fluently? \r\nJoin India\'s most Successful Training \r\nprogramme\r\n\r\nWant more details \r\nJoin https://bit.ly/3h3sxAZ\r\n\r\nRegards,\r\nSuha Academy', '2020-08-17 13:10:10', ''),
(41, '000', 'Success', '399362297', 'Do you wish to speak English Fluently? \r\nJoin India\'s most Comprehensive Training \r\nprogramme\r\nWant more details \r\nJoin https://bit.ly/3h3sxAZ\r\nRegards,\r\nSuha Academy', '2020-08-17 13:16:07', ''),
(42, '000', 'Success', '399382955', 'Do you wish to speak English Fluently? \r\nJoin India\'s most Comprehensive Training \r\nprogramme\r\nWant more details \r\nJoin https://bit.ly/3h3sxAZ\r\nRegards,\r\nSuha Academy', '2020-08-17 14:18:40', ''),
(43, '000', 'Success', '399500056', 'Hi kavita parihar\r\nWarm Greetings from Suha Academy\r\n\r\nJoin our Whatsapp group to get updates \r\nhttps://bit.ly/3h3sxAZ \r\n\r\nLearn English in 3 months', '2020-08-17 20:05:14', ''),
(44, '000', 'Success', '399501288', 'Hi Monalisa Bhatta\r\nWarm Greetings from Suha Academy\r\n\r\nJoin our Whatsapp group to get updates \r\nhttps://bit.ly/3h3sxAZ \r\n\r\nLearn English in 3 months', '2020-08-17 20:09:54', ''),
(45, '000', 'Success', '399501389', 'https://bit.ly/3h3sxAZ ', '2020-08-17 20:10:23', ''),
(46, '000', 'Success', '399502212', '\r\nHi Revathikishan\r\n\r\nWarm Greetings from Suha Academy\r\n\r\nJoin our Whatsapp group to get updates \r\nhttps://bit.ly/3h3sxAZ \r\n\r\nLearn English in 3 months', '2020-08-17 20:15:56', ''),
(47, '000', 'Success', '399502712', 'Hi Swati\r\nWarm Greetings from Suha Academy\r\n\r\nJoin our Whatsapp group to get updates \r\nhttps://bit.ly/3h3sxAZ \r\n\r\nLearn English in 3 months', '2020-08-17 20:19:40', ''),
(48, '000', 'Success', '399503865', 'Hi Sulaiman\r\nWarm Greetings from Suha Academy\r\n\r\nJoin our Whatsapp group to get updates \r\nhttps://bit.ly/3h3sxAZ \r\n\r\nLearn English in 3 months', '2020-08-17 20:26:39', ''),
(49, '000', 'Success', '399599449', 'Hi Yukti Singhal\r\nWarm Greetings from Suha Academy \r\nJoin our Whats app group to get updates \r\nhttps://bit.ly/3h3sxAZ \r\nLearn English in 3 months.', '2020-08-18 10:59:58', ''),
(50, '000', 'Success', '399607920', 'Hi NAVEEN KUMAR\r\nWarm Greetings from Suha Academy\r\nJoin our Whatsapp group to get updates https://bit.ly/3h3sxAZ \r\nLearn English in 3 months.\r\nRegards \r\nSuha Academy', '2020-08-18 11:12:27', ''),
(51, '000', 'Success', '399616176', 'Hi Shubham Jain\r\nWarm Greetings from Suha Academy\r\nJoin our Whatsapp group to get updates https://bit.ly/3h3sxAZ \r\nLearn English in 3 months.\r\nRegards \r\nSuha Academy', '2020-08-18 11:22:29', ''),
(52, '000', 'Success', '399618633', 'Hi Shabeena\r\nWarm Greetings from Suha Academy\r\nJoin our Whatsapp group to get updates https://bit.ly/3h3sxAZ \r\nLearn English in 3 months.\r\nRegards,\r\nSuha Academy', '2020-08-18 11:26:14', ''),
(53, '000', 'Success', '399625678', 'Hi Ranju\r\nWarm Greetings from Suha Academy\r\nJoin our Whatsapp group to get updates https://bit.ly/3h3sxAZ \r\nLearn English in 3 months.\r\nRegards \r\nSuha Academy', '2020-08-18 11:33:52', ''),
(54, '000', 'Success', '399654292', 'Hi Nidhi Chauhan\r\nWarm Greetings from Suha Academy\r\nJoin our Whatsapp group to get updates https://bit.ly/3h3sxAZ \r\nLearn English in 3 months.\r\nRegards Suha Academy', '2020-08-18 12:02:43', ''),
(55, '000', 'Success', '399666654', 'Hi kirti\r\nWarm Greetings from Suha Academy\r\nJoin our Whatsapp group to get updates https://bit.ly/3h3sxAZ \r\nLearn English in 3 months.\r\nRegards \r\nSuha Academy', '2020-08-18 12:17:20', ''),
(56, '000', 'Success', '399670707', 'Hi Phurpalhamo\r\nWarm Greetings from Suha Academy\r\nJoin our Whatsapp group to get updates https://bit.ly/3h3sxAZ \r\nLearn English in 3 months.\r\nRegards\r\n Suha Academy', '2020-08-18 12:22:00', ''),
(57, '000', 'Success', '399676913', 'Hi Khan\r\nWarm Greetings from Suha Academy\r\nJoin our Whatsapp group to get updates https://bit.ly/3h3sxAZ \r\nLearn English in 3 months.\r\nRegards\r\n Suha Academy', '2020-08-18 12:28:44', ''),
(58, '000', 'Success', '399685113', 'Hi Ashu Khot\r\nWarm Greetings from Suha Academy\r\nJoin our Whatsapp group to get updates https://bit.ly/3h3sxAZ \r\nLearn English in 3 months.\r\nRegards \r\nSuha Academy', '2020-08-18 12:37:37', ''),
(59, '000', 'Success', '399688477', 'Hi Gauri Deshmukh\r\nWarm Greetings from Suha Academy\r\nJoin our Whatsapp group to get updates https://bit.ly/3h3sxAZ \r\nLearn English in 3 months.\r\n', '2020-08-18 12:42:52', ''),
(60, '000', 'Success', '399693621', 'Hi Sulaiman\r\nWarm Greetings from Suha Academy\r\nJoin our Whatsapp group to get updates https://bit.ly/3h3sxAZ \r\nLearn English in 3 months.\r\nRegards \r\nSuha Academy', '2020-08-18 12:51:36', ''),
(61, '000', 'Success', '399694409', 'Hi M\r\nWarm Greetings from Suha Academy\r\nJoin our Whatsapp group to get updates https://bit.ly/3h3sxAZ \r\nLearn English in 3 months.\r\nRegards \r\nSuha Academy', '2020-08-18 12:53:33', ''),
(62, '000', 'Success', '399696797', 'Hi kanha kumar \r\nWarm Greetings from Suha Academy\r\nJoin our Whatsapp group to get updates https://bit.ly/3h3sxAZ \r\nLearn English in 3 months.\r\nRegards \r\nSuha Academy', '2020-08-18 13:01:24', ''),
(63, '000', 'Success', '399700690', 'Hi Sunita Shah\r\nWarm Greetings from Suha Academy\r\nJoin our Whatsapp group to get updates https://bit.ly/3h3sxAZ \r\nLearn English in 3 months.\r\nRegards \r\nSuha Academy', '2020-08-18 13:14:42', ''),
(64, '000', 'Success', '399701811', 'Hi Arti Parge\r\nWarm Greetings from Suha Academy\r\nJoin our Whatsapp group to get updates https://bit.ly/3h3sxAZ \r\nLearn English in 3 months.\r\nRegards \r\nSuha Academy', '2020-08-18 13:18:54', ''),
(65, '000', 'Success', '399702694', 'Hi Pooja\r\nWarm Greetings from Suha Academy\r\nJoin our Whatsapp group to get updates https://bit.ly/3h3sxAZ \r\nLearn English in 3 months.\r\nRegards \r\nSuha Academy', '2020-08-18 13:22:05', ''),
(66, '000', 'Success', '399703605', 'Hi Salman Shaik\r\nWarm Greetings from Suha Academy\r\nJoin our Whatsapp group to get updates https://bit.ly/3h3sxAZ \r\nLearn English in 3 months.\r\n\r\n\r\n', '2020-08-18 13:24:48', ''),
(67, '000', 'Success', '399705793', 'Hi Pallavi Singh\r\nWarm Greetings from Suha Academy\r\nJoin our Whatsapp group to get updates https://bit.ly/3h3sxAZ \r\nLearn English in 3 months.\r\n\r\n\r\n', '2020-08-18 13:31:55', ''),
(68, '000', 'Success', '399706438', 'Hi Mushtaq\r\nWarm Greetings from Suha Academy\r\nJoin our Whatsapp group to get updates https://bit.ly/3h3sxAZ \r\nLearn English in 3 months.\r\nRegards\r\nSuha Academy\r\n\r\n', '2020-08-18 13:34:45', ''),
(69, '000', 'Success', '399711875', 'Hi Nisha\r\nWarm Greetings from Suha Academy\r\nJoin our Whatsapp group to get updates https://bit.ly/3h3sxAZ \r\nLearn English in 3 months.\r\nRegards\r\nSuha Academy\r\n\r\n', '2020-08-18 13:54:43', ''),
(70, '000', 'Success', '399712643', 'Hi TAHIR SHAIKH\r\nWarm Greetings from Suha Academy\r\nJoin our Whatsapp group to get updates https://bit.ly/3h3sxAZ \r\nLearn English in 3 months.\r\n\r\n\r\n', '2020-08-18 13:57:38', ''),
(71, '000', 'Success', '399714108', 'Hi Sambhaji Dhakane\r\nWarm Greetings from Suha Academy\r\nJoin our Whatsapp group to get updates https://bit.ly/3h3sxAZ \r\nLearn English in 3 months.\r\n', '2020-08-18 14:03:18', ''),
(72, '000', 'Success', '399714970', 'Hi $hv $hd\r\nWarm Greetings from Suha Academy\r\nJoin our Whatsapp group to get updates https://bit.ly/3h3sxAZ \r\nLearn English in 3 months.\r\n', '2020-08-18 14:06:56', ''),
(73, '000', 'Success', '399776609', 'Hi Mahesh Pal\r\nWarm Greetings from Suha Academy \r\nJoin our Whatsapp group to get updates\r\nhttps://bit.ly/3h3sxAZ \r\nLearn English in 3 months.', '2020-08-18 17:57:41', ''),
(74, '000', 'Success', '399780823', 'Hi Bhawana sankhla\r\nWarm Greetings from Suha Academy \r\nJoin our Whatsapp group to get updates\r\nhttps://bit.ly/3h3sxAZ \r\nLearn English in 3 months.', '2020-08-18 18:07:13', ''),
(75, '000', 'Success', '399781125', 'hi', '2020-08-18 18:07:36', ''),
(76, '000', 'Success', '399783468', 'Hi Himanshu Singh\r\nWarm Greetings from Suha Academy \r\nJoin our Whatsapp group to get updates\r\nhttps://bit.ly/3h3sxAZ \r\nLearn English in 3 months.', '2020-08-18 18:13:51', ''),
(77, '000', 'Success', '399784719', 'Hi Himanshu Singh\r\nWarm Greetings from Suha Academy \r\nJoin our Whatsapp group to get updates\r\nhttps://bit.ly/3h3sxAZ \r\nLearn English in 3 months.', '2020-08-18 18:20:03', ''),
(78, '000', 'Success', '399784933', 'Hi Naresh\r\nWarm Greetings from Suha Academy \r\nJoin our Whatsapp group to get updates\r\nhttps://bit.ly/3h3sxAZ \r\nLearn English in 3 months.', '2020-08-18 18:21:09', ''),
(79, '000', 'Success', '399786152', 'Hi Shaikh Armaan\r\nWarm Greetings from Suha Academy \r\nJoin our Whatsapp group to get updates\r\nhttps://bit.ly/3h3sxAZ \r\nLearn English in 3 months.', '2020-08-18 18:26:12', ''),
(80, '000', 'Success', '399787200', 'Hi Juhe Saim\r\nWarm Greetings from Suha Academy \r\nJoin our Whatsapp group to get updates\r\nhttps://bit.ly/3h3sxAZ \r\nLearn English in 3 months.', '2020-08-18 18:30:46', ''),
(81, '000', 'Success', '399788339', 'Hi Srinath Royal \r\nWarm Greetings from Suha Academy \r\nJoin our Whatsapp group to get updates\r\nhttps://bit.ly/3h3sxAZ \r\nLearn English in 3 months.', '2020-08-18 18:35:12', ''),
(82, '000', 'Success', '399793361', 'Warm Greetings from Suha Academy\r\n\r\nJoin our Whatsapp group to get updates \r\nhttps://bit.ly/3h3sxAZ \r\n\r\nLearn English in 3 months.\r\n\r\n\r\n\r\n', '2020-08-18 18:58:31', ''),
(83, '000', 'Success', '399800960', 'WE are live \r\n\r\nJoin  https://us02web.zoom.us/j/84992305305\r\n\r\nRegards\r\nSuha Academy\r\n\r\n\r\n\r\n', '2020-08-18 19:34:21', ''),
(84, '000', 'Success', '400185610', 'Thank you for your interest to learn English\r\n\r\nJoin our Whatsapp group to get details \r\nhttps://bit.ly/3h3sxAZ \r\nLearn English in 3 months.\r\n\r\nRegads,\r\nSuha Academy', '2020-08-19 23:20:01', ''),
(85, '000', 'Success', '400188361', 'Good night DollaR', '2020-08-20 0:23:35', ''),
(86, '000', 'Success', '400188373', 'Good night mamu', '2020-08-20 0:24:13', ''),
(87, '000', 'Success', '400188448', 'Hey Dollar', '2020-08-20 0:27:32', ''),
(88, '000', 'Success', '400188462', 'qwerty', '2020-08-20 0:28:30', ''),
(89, '000', 'Success', '400188647', 'asdadsasdads', '2020-08-20 0:30:24', ''),
(90, '000', 'Success', '400270877', 'Thank you for your interest to learn English   \r\nJoin our Whatsapp group to get details https://bit.ly/3h3sxAZ Learn English in 3 months. \r\n\r\nRegads, \r\nSuha Academy', '2020-08-20 11:18:45', ''),
(91, '000', 'Success', '400330022', 'Today we have a zoom meeting at 7:30 pm on how to spek English in 3 months\r\n\r\nNow join our group to get details. \r\nhttps://bit.ly/3h3sxAZ \r\n\r\nSuha Academy', '2020-08-20 12:57:54', ''),
(92, '000', 'Success', '400335734', 'Thank you for your interest to learn English\r\n \r\nJoin our Whatsapp group to get details https://bit.ly/3h3sxAZ \r\nLearn English in 3 months.\r\n\r\nRegards, \r\nSuha Academy', '2020-08-20 13:18:29', ''),
(93, '000', 'Success', '400385339', 'Hi Poonam\r\nThank for making the payment of RS 49 \r\n\r\nPlease join our whatsApp group to  get the meeting link \r\nhttps://bit.ly/3h3sxAZ \r\n\r\nRegards\r\nSuha Academy', '2020-08-20 16:20:02', ''),
(94, '000', 'Success', '400386758', 'Thank you for your interest \r\nJoin our Whatsapp group to  get the meeting link \r\nhttps://bit.ly/3h3sxAZ \r\nLearn English in 3 months.\r\nRegards,\r\nSuha Academy', '2020-08-20 16:25:41', ''),
(95, '000', 'Success', '400386915', 'Thank you for your interest \r\nJoin our Whatsapp group to  get the meeting link https://bit.ly/3h3sxAZ \r\nLearn English in 3 months.\r\nRegards,\r\nSuha Academy\r\n', '2020-08-20 16:26:32', ''),
(96, '000', 'Success', '400386925', 'Thank you for your interest \r\nJoin our Whatsapp group to  get the meeting link https://bit.ly/3h3sxAZ \r\nLearn English in 3 months.\r\nRegards,\r\nSuha Academy\r\n', '2020-08-20 16:26:34', ''),
(97, '000', 'Success', '400426273', 'Thank you for your interest \r\nJoin our Whatsapp group to  get the meeting link\r\nhttps://bit.ly/3h3sxAZ \r\nLearn English in 3 months.\r\nRegards,\r\nSuha Academy', '2020-08-20 19:24:44', ''),
(98, '000', 'Success', '400636712', 'Thank you for your interest \r\nJoin our Whatsapp group to  get the meeting link\r\nhttps://bit.ly/3h3sxAZ \r\nLearn English in 3 months.\r\nRegards,\r\nSuha Academy', '2020-08-21 15:11:19', ''),
(99, '000', 'Success', '400636889', 'Thank you for your interest \r\nJoin our Whatsapp group to  get the meeting link\r\nhttps://bit.ly/3h3sxAZ \r\nLearn English in 3 months.\r\nRegards,\r\nSuha Academy', '2020-08-21 15:12:17', ''),
(100, '000', 'Success', '400637948', 'Thank you for your interest \r\nJoin our Whatsapp group to  get the meeting link\r\nhttps://bit.ly/3h3sxAZ \r\nLearn English in 3 months.\r\nRegards,\r\nSuha Academy', '2020-08-21 15:17:10', ''),
(101, '000', 'Success', '401218214', 'Hi Bikash\r\nI got your number on Justdial. You  have shown your interested to learn English\r\nWe offer India\'s most Comprehensive and successful course Communicative English Mastery.\r\nif interested, Please let us know\r\nWebsite - http://suhaacademy.com\r\nChek out our Youtube channel https://bit.ly/3gmxns3\r\nJoin our WhatsApp group to get a demo class https://bit.ly/3h3sxAZ \r\nCotatact number - 7980102938\r\nRegards,\r\nSuha Academy', '2020-08-23 14:21:10', ''),
(102, '000', 'Success', '401220762', 'Hi Kishor\r\nI got your number on Justdial. You  have shown your interested to learn English\r\nWe offer India\'s most Comprehensive and successful course Communicative English Mastery.\r\nif interested, Please let us know\r\nWebsite - http://suhaacademy.com\r\nChek out our YouTube channel https://bit.ly/3gmxns3\r\nJoin our WhatsApp group to get a demo class https://bit.ly/3h3sxAZ \r\nContact number - 7980102938\r\nRegards,\r\nSuha Academy', '2020-08-23 14:27:18', ''),
(103, '000', 'Success', '401221399', 'Hi Bikash Mondal\r\nI got your number on Justdial. You  have shown your interested to learn English\r\nWe offer India\'s most Comprehensive and successful course Communicative English Mastery.\r\nif interested, Please let us know\r\nWebsite - http://suhaacademy.com\r\nChek out our YouTube channel https://bit.ly/3gmxns3\r\nJoin our WhatsApp group to get a demo class https://bit.ly/3h3sxAZ \r\nContact number - 7980102938\r\nRegards,\r\nSuha Academy', '2020-08-23 14:28:28', ''),
(104, '000', 'Success', '401231894', 'Hi Srija\r\nI believe you have a great passion for learning English. \r\nYour applied to our ad and made the payment of Rs 49. Now make the learning happen. \r\nJoin our online Course https://bit.ly/3j6PJii or Join our WhatsApp group to get a demo class https://bit.ly/3h3sxAZ\r\n\r\nhttp://suhaacademy.com\r\n\r\nRegards,\r\nSuha Academy', '2020-08-23 14:50:47', ''),
(105, '000', 'Success', '401265315', 'Hi Poonam\r\nI believe you have a great passion for learning English. \r\nYour applied to our ad and paid Rs 49. Now make the real learning happen. \r\nJoin our online Course https://bit.ly/3j6PJii or Join our WhatsApp group to get a demo class https://bit.ly/3h3sxAZ\r\nCheck out our YouTube channel https://bit.ly/3gmxns3\r\nRegards\r\nSuha Academy', '2020-08-23 15:49:41', ''),
(106, '000', 'Success', '401306444', 'Thank you for applying to learn English\r\nJoin our WhatsApp group to  get the demo class\r\nhttps://bit.ly/3h3sxAZ \r\nLearn English in 3 months.\r\nRegards,\r\nSuha Academy', '2020-08-23 16:45:39', ''),
(107, '000', 'Success', '401306727', 'Thank you for applying to learn English\r\nJoin our WhatsApp group to  get the demo class\r\nhttps://bit.ly/3h3sxAZ \r\nLearn English in 3 months.\r\nRegards,\r\nSuha Academy', '2020-08-23 16:45:55', ''),
(108, '000', 'Success', '401345451', 'Thank you for applying to learn English\r\nJoin our WhatsApp group to  get the demo class\r\nhttps://bit.ly/3h3sxAZ \r\nLearn English in 3 months.\r\nRegards,\r\nSuha Academy', '2020-08-23 18:13:03', ''),
(109, '000', 'Success', '401354850', 'Thank you for applying to learn English\r\nJoin our WhatsApp group to  get the demo class\r\nhttps://bit.ly/3h3sxAZ \r\nLearn English in 3 months.\r\nRegards,\r\nSuha Academy', '2020-08-23 19:01:55', ''),
(110, '000', 'Success', '401358424', 'We have a zoom meeting today.\r\nTopic - Communicative English Mastery Bluprint -Learn English in 3 months.\r\nTime - 8 PM\r\nhttps://bit.ly/3larS38\r\nRegards\r\nSuha Academy', '2020-08-23 19:24:14', ''),
(111, '000', 'Success', '401363660', 'We are live \r\n\r\nPlz join the meeting https://bit.ly/3larS38\r\n\r\nLearn how to speak English in 3 Months\r\n\r\nRegards,\r\nSuha Academ', '2020-08-23 20:03:59', ''),
(112, '000', 'Success', '401645829', 'Hi Mansoora jan\r\nThank you for applying \r\nJoin our WhatsApp group to  get the demo class\r\nhttps://bit.ly/3h3sxAZ \r\nLearn English in 3 months.\r\nRegards,\r\nSuha Academy', '2020-08-24 18:19:01', ''),
(113, '000', 'Success', '401964780', 'Today we have a zoom meeting at 7:30 pm on how to spek English in 3 months\r\n\r\nNow join our group to get details. \r\nhttps://bit.ly/3h3sxAZ \r\n\r\nSuha Academy', '2020-08-25 19:11:58', '');

-- --------------------------------------------------------

--
-- Table structure for table `sms_template`
--

CREATE TABLE `sms_template` (
  `id` bigint(20) NOT NULL,
  `title` varchar(150) NOT NULL,
  `body` text NOT NULL
) ENGINE=InnoDB DEFAULT CHARSET=utf8;

--
-- Dumping data for table `sms_template`
--

INSERT INTO `sms_template` (`id`, `title`, `body`) VALUES
(11, 'Fluent English', 'Do you wish to speak English Fluently? \r\n\r\nJoin India\'s most Successful Training programme \r\n\r\nClick on https://bit.ly/2PEltPm\r\n\r\nLearn English by GFP technique Hundreads of students got successful Now it\'s your turn. \r\n\r\nNothing is more expensive than a missed opportunity.\r\n\r\nContact - 7980102938\r\n \r\nRegards \r\nSuha Academy'),
(12, 'programme invitation', 'Do you wish to speak English Fluently? \r\nJoin India\'s most Comprehensive Training \r\nprogramme\r\nWant more details \r\nJoin https://bit.ly/3h3sxAZ\r\nRegards,\r\nSuha Academy'),
(13, 'Welcome message', 'Thank you for applying to learn English\r\nJoin our WhatsApp group to  get the demo class\r\nhttps://bit.ly/3h3sxAZ \r\nLearn English in 3 months.\r\nRegards,\r\nSuha Academy'),
(15, 'live', 'We are live \r\n\r\nPlz join the meeting https://bit.ly/3larS38\r\n\r\nLearn how to speak English in 3 Months\r\n\r\nRegards,\r\nSuha Academy'),
(16, 'WEBINAR', 'Today we have a zoom meeting at 7:30 pm on how to spek English in 3 months\r\n\r\nNow join our group to get details. \r\nhttps://bit.ly/3h3sxAZ \r\n\r\nSuha Academy'),
(17, 'Just dial', 'Hi Bikash\r\nI got your number on Justdial. You  have shown your interested to learn English\r\nWe offer India\'s most Comprehensive and successful course Communicative English Mastery.\r\nif interested, Please let us know\r\nWebsite - http://suhaacademy.com\r\nChek out our Youtube channel https://bit.ly/3gmxns3\r\nJoin our WhatsApp group to get a demo class https://bit.ly/3h3sxAZ \r\nCotatact number - 7980102938\r\nRegards,\r\nSuha Academy'),
(21, 'instamojo', 'Hi Poonam\r\nI believe you have a great passion for learning English. \r\nYour applied to our ad and paid Rs 49. Now make the real learning happen. \r\nJoin our online Course https://bit.ly/3j6PJii or Join our WhatsApp group to get a demo class https://bit.ly/3h3sxAZ\r\nCheck out our YouTube channel https://bit.ly/3gmxns3\r\nRegards\r\nSuha Academy'),
(22, 'Today', 'We have a zoom meeting today.\r\nTopic - Communicative English Mastery Bluprint -Learn English in 3 months.\r\nTime - 8 PM\r\nhttps://bit.ly/3larS38\r\nRegards\r\nSuha Academy');

-- --------------------------------------------------------

--
-- Table structure for table `users`
--

CREATE TABLE `users` (
  `id` int(6) NOT NULL,
  `username` varchar(50) COLLATE utf8_unicode_ci NOT NULL,
  `password` varchar(50) COLLATE utf8_unicode_ci NOT NULL
) ENGINE=InnoDB DEFAULT CHARSET=utf8 COLLATE=utf8_unicode_ci;

--
-- Dumping data for table `users`
--

INSERT INTO `users` (`id`, `username`, `password`) VALUES
(1, 'suman', 'Suman@456');

--
-- Indexes for dumped tables
--

--
-- Indexes for table `campaign_enrollment`
--
ALTER TABLE `campaign_enrollment`
  ADD PRIMARY KEY (`id`),
  ADD KEY `mcl_id` (`mcl_id`),
  ADD KEY `scl_id` (`c_list_id`),
  ADD KEY `mcl_id_2` (`mcl_id`);

--
-- Indexes for table `campaign_list`
--
ALTER TABLE `campaign_list`
  ADD PRIMARY KEY (`id`),
  ADD KEY `template_id` (`template_id`);

--
-- Indexes for table `main_contact_list`
--
ALTER TABLE `main_contact_list`
  ADD PRIMARY KEY (`id`),
  ADD UNIQUE KEY `mobile` (`mobile`);

--
-- Indexes for table `sms_records`
--
ALTER TABLE `sms_records`
  ADD PRIMARY KEY (`id`);

--
-- Indexes for table `sms_template`
--
ALTER TABLE `sms_template`
  ADD PRIMARY KEY (`id`);

--
-- Indexes for table `users`
--
ALTER TABLE `users`
  ADD PRIMARY KEY (`id`);

--
-- AUTO_INCREMENT for dumped tables
--

--
-- AUTO_INCREMENT for table `campaign_enrollment`
--
ALTER TABLE `campaign_enrollment`
  MODIFY `id` bigint(20) NOT NULL AUTO_INCREMENT, AUTO_INCREMENT=2887;

--
-- AUTO_INCREMENT for table `campaign_list`
--
ALTER TABLE `campaign_list`
  MODIFY `id` bigint(20) NOT NULL AUTO_INCREMENT, AUTO_INCREMENT=15;

--
-- AUTO_INCREMENT for table `main_contact_list`
--
ALTER TABLE `main_contact_list`
  MODIFY `id` bigint(20) NOT NULL AUTO_INCREMENT, AUTO_INCREMENT=4104;

--
-- AUTO_INCREMENT for table `sms_records`
--
ALTER TABLE `sms_records`
  MODIFY `id` bigint(20) NOT NULL AUTO_INCREMENT, AUTO_INCREMENT=114;

--
-- AUTO_INCREMENT for table `sms_template`
--
ALTER TABLE `sms_template`
  MODIFY `id` bigint(20) NOT NULL AUTO_INCREMENT, AUTO_INCREMENT=23;

--
-- AUTO_INCREMENT for table `users`
--
ALTER TABLE `users`
  MODIFY `id` int(6) NOT NULL AUTO_INCREMENT, AUTO_INCREMENT=2;

--
-- Constraints for dumped tables
--

--
-- Constraints for table `campaign_enrollment`
--
ALTER TABLE `campaign_enrollment`
  ADD CONSTRAINT `campaign_enrollment_ibfk_2` FOREIGN KEY (`c_list_id`) REFERENCES `campaign_list` (`id`) ON DELETE CASCADE;

--
-- Constraints for table `campaign_list`
--
ALTER TABLE `campaign_list`
  ADD CONSTRAINT `campaign_list_ibfk_1` FOREIGN KEY (`template_id`) REFERENCES `sms_template` (`id`) ON DELETE CASCADE;
COMMIT;

/*!40101 SET CHARACTER_SET_CLIENT=@OLD_CHARACTER_SET_CLIENT */;
/*!40101 SET CHARACTER_SET_RESULTS=@OLD_CHARACTER_SET_RESULTS */;
/*!40101 SET COLLATION_CONNECTION=@OLD_COLLATION_CONNECTION */;
